
-- phpMyAdmin SQL Dump
-- version 3.5.2.2
-- http://www.phpmyadmin.net
--
-- Host: localhost
-- Generation Time: Apr 28, 2016 at 04:53 PM
-- Server version: 10.0.20-MariaDB
-- PHP Version: 5.2.17

SET SQL_MODE="NO_AUTO_VALUE_ON_ZERO";
SET time_zone = "+00:00";


/*!40101 SET @OLD_CHARACTER_SET_CLIENT=@@CHARACTER_SET_CLIENT */;
/*!40101 SET @OLD_CHARACTER_SET_RESULTS=@@CHARACTER_SET_RESULTS */;
/*!40101 SET @OLD_COLLATION_CONNECTION=@@COLLATION_CONNECTION */;
/*!40101 SET NAMES utf8 */;

--
-- Database: `u530280376_db`
--

-- --------------------------------------------------------

--
-- Table structure for table `images`
--

CREATE TABLE IF NOT EXISTS `images` (
  `id` int(11) NOT NULL AUTO_INCREMENT,
  PRIMARY KEY (`id`)
) ENGINE=MyISAM  DEFAULT CHARSET=utf8 COLLATE=utf8_unicode_ci AUTO_INCREMENT=10063 ;

--
-- Dumping data for table `images`
--

INSERT INTO `images` (`id`) VALUES
(10001),
(10002),
(10003),
(10004),
(10005),
(10006),
(10007),
(10008),
(10009),
(10010),
(10011),
(10012),
(10013),
(10014),
(10015),
(10016),
(10017),
(10018),
(10019),
(10020),
(10021),
(10022),
(10023),
(10024),
(10025),
(10026),
(10027),
(10028),
(10029),
(10030),
(10031),
(10032),
(10033),
(10034),
(10035),
(10036),
(10037),
(10038),
(10039),
(10040),
(10041),
(10042),
(10043),
(10044),
(10045),
(10046),
(10047),
(10048),
(10049),
(10050),
(10051),
(10052),
(10053),
(10054),
(10055),
(10056),
(10057),
(10058),
(10059),
(10060),
(10061),
(10062);

-- --------------------------------------------------------

--
-- Table structure for table `posts`
--

CREATE TABLE IF NOT EXISTS `posts` (
  `id` int(11) NOT NULL AUTO_INCREMENT,
  `title` varchar(64) COLLATE utf8_unicode_ci NOT NULL,
  `date` date NOT NULL,
  `authorName` varchar(64) COLLATE utf8_unicode_ci NOT NULL,
  `authorId` int(11) NOT NULL,
  `shortDesc` text COLLATE utf8_unicode_ci NOT NULL,
  `content` text COLLATE utf8_unicode_ci NOT NULL,
  `recepie` text COLLATE utf8_unicode_ci NOT NULL,
  `recepieHowTo` text COLLATE utf8_unicode_ci NOT NULL,
  `imgId` int(11) NOT NULL,
  `badge` varchar(32) COLLATE utf8_unicode_ci NOT NULL,
  `estTime` varchar(8) COLLATE utf8_unicode_ci NOT NULL,
  PRIMARY KEY (`id`)
) ENGINE=MyISAM  DEFAULT CHARSET=utf8 COLLATE=utf8_unicode_ci AUTO_INCREMENT=10049 ;

--
-- Dumping data for table `posts`
--

INSERT INTO `posts` (`id`, `title`, `date`, `authorName`, `authorId`, `shortDesc`, `content`, `recepie`, `recepieHowTo`, `imgId`, `badge`, `estTime`) VALUES
(10042, 'פסטה עשירה בסיבים תזונתיים', '2015-09-19', 'לובי', 10001, '%D7%A1%D7%99%D7%91%D7%99%D7%9D+%D7%94%D7%9D+%D7%9E%D7%A8%D7%9B%D7%99%D7%91+%D7%97%D7%A9%D7%95%D7%91+%D7%9E%D7%90%D7%95%D7%93+%D7%91%D7%AA%D7%96%D7%95%D7%A0%D7%94+%D7%94%D7%99%D7%95%D7%9D-%D7%99%D7%95%D7%9E%D7%99%D7%AA%2C+%D7%96%D7%94%D7%95+%D7%9E%D7%AA%D7%9B%D7%95%D7%9F+%D7%9C%D7%94%D7%9B%D7%A0%D7%AA+%D7%A4%D7%A1%D7%98%D7%94+%D7%91%D7%A8%D7%99%D7%90%D7%94+%D7%A2%D7%9D+%D7%94%D7%A8%D7%91%D7%94+%D7%A1%D7%99%D7%91%D7%99%D7%9D.', '%3Cp%3E%D7%AA%D7%95%D7%9B%D7%9F%3C%2Fp%3E', '%3Cp%3E%3C%2Fp%3E%3Cp+dir%3D%22RTL%22+style%3D%22text-align%3A+right%3B%22%3E%3Cspan+dir%3D%22RTL%22%3E%3C%2Fspan%3E%3C%2Fp%3E%3Cp+dir%3D%22RTL%22%3E%3Cspan+dir%3D%22RTL%22%3E%3C%2Fspan%3E%3Cspan+dir%3D%22RTL%22%3E%3C%2Fspan%3E%3Cspan%3E%3Cspan+dir%3D%22RTL%22%3E%3C%2Fspan%3E%3Cspan+dir%3D%22RTL%22%3E%3C%2Fspan%3E1+%D7%A7%26%2334%3B%D7%92+%D7%A2%D7%92%D7%91%D7%A0%D7%99%D7%95%D7%AA+%E2%80%93+%D7%A7%D7%9C%D7%95%D7%A4%D7%95%D7%AA+%D7%95%D7%A7%D7%A6%D7%95%D7%A6%D7%95%D7%AA+%D7%9C%D7%A7%D7%95%D7%91%D7%99%D7%95%D7%AA%3C%2Fspan%3E%3Cspan%3E%3C%2Fspan%3E%3C%2Fp%3E%3Cp+dir%3D%22RTL%22%3E%3Cspan%3E%D7%A8%D7%91%D7%A2+%D7%9B%D7%95%D7%A1+%D7%A9%D7%9E%D7%9F+%D7%96%D7%99%D7%AA%3C%2Fspan%3E%3Cspan%3E%3C%2Fspan%3E%3C%2Fp%3E%3Cp+dir%3D%22RTL%22%3E%3Cspan%3E%D7%9B%D7%A4%D7%99%D7%AA+%D7%A1%D7%95%D7%9B%D7%A8%3C%2Fspan%3E%3Cspan%3E%3C%2Fspan%3E%3C%2Fp%3E%3Cp+dir%3D%22RTL%22%3E%3Cspan%3E3+%D7%A9%D7%99%D7%A0%D7%99+%D7%A9%D7%95%D7%9D+%D7%9B%D7%AA%D7%95%D7%A9%D7%94%3C%2Fspan%3E%3Cspan%3E%3C%2Fspan%3E%3C%2Fp%3E%3Cp+dir%3D%22RTL%22%3E%3Cspan%3E%D7%97%D7%A6%D7%99+%D7%9B%D7%A4%D7%99%D7%AA+%D7%90%D7%95%D7%A8%D7%92%D7%A0%D7%95+%D7%99%D7%91%D7%A9%3C%2Fspan%3E%3Cspan%3E%3C%2Fspan%3E%3C%2Fp%3E%3Cp+dir%3D%22RTL%22%3E%3Cspan%3E1+%D7%9B%D7%A4%D7%99%D7%AA+%D7%9E%D7%9C%D7%97%3C%2Fspan%3E%3Cspan%3E%3C%2Fspan%3E%3C%2Fp%3E%3Cp+dir%3D%22RTL%22%3E%3Cspan%3E%D7%A8%D7%91%D7%A2+%D7%9B%D7%95%D7%A1+%D7%99%D7%99%D7%9F+%D7%9C%D7%91%D7%9F+%D7%99%D7%91%D7%A9%3C%2Fspan%3E%3Cspan%3E%3C%2Fspan%3E%3C%2Fp%3E%3Cp+dir%3D%22RTL%22%3E%3Cspan%3E%D7%9B%D7%95%D7%A1+%D7%9E%D7%99%D7%9D%3C%2Fspan%3E%3Cspan%3E%3C%2Fspan%3E%3C%2Fp%3E%3Cp+dir%3D%22RTL%22%3E%3Cspan%3E3+%D7%92%D7%96%D7%A8%D7%99%D7%9D%3C%2Fspan%3E%3Cspan%3E%3C%2Fspan%3E%3C%2Fp%3E%3Cp+dir%3D%22RTL%22%3E%3Cspan%3E%D7%97%D7%A6%D7%99+%D7%9C%D7%99%D7%98%D7%A8+%D7%A9%D7%9E%D7%A0%D7%AA+%D7%9C%D7%91%D7%99%D7%A9%D7%95%D7%9C+10%25+%D7%9E%D7%95%D7%A2%D7%A9%D7%A8%D7%AA+%D7%91%D7%A1%D7%99%D7%91%D7%99%D7%9D+%D7%AA%D7%96%D7%95%D7%A0%D7%AA%D7%99%D7%99%D7%9D%3C%2Fspan%3E%3Cspan%3E%3C%2Fspan%3E%3C%2Fp%3E%3Cp+dir%3D%22RTL%22%3E%3Cspan%3E%D7%A8%D7%91%D7%A2+%D7%9B%D7%95%D7%A1+%D7%99%D7%99%D7%9F+%D7%9C%D7%91%D7%9F+%D7%99%D7%91%D7%A9%3C%2Fspan%3E%3Cspan%3E%3C%2Fspan%3E%3C%2Fp%3E%3Cp+dir%3D%22RTL%22%3E%3Cspan%3E750+%D7%92%D7%A8%D7%9D+%D7%A4%D7%A1%D7%98%D7%94+%D7%9E%D7%97%D7%99%D7%98%D7%94+%D7%9E%D7%9C%D7%90%D7%94%3C%2Fspan%3E%3Cspan%3E%3C%2Fspan%3E%3C%2Fp%3E%3Cp+dir%3D%22RTL%22%3E%3Cspan%3E50+%D7%92%D7%A8%D7%9D+%D7%A4%D7%A8%D7%9E%D7%96%27%D7%9F+%D7%9E%D7%92%D7%95%D7%A8%D7%A8%3C%2Fspan%3E%3Cspan%3E%3C%2Fspan%3E%3C%2Fp%3E%3Cp%3E%3C%2Fp%3E', '%3Cp+dir%3D%22RTL%22+style%3D%22text-align%3A+right%3B%22%3E%3Cspan+dir%3D%22RTL%22%3E%3C%2Fspan%3E%3C%2Fp%3E%3Cp+dir%3D%22RTL%22+style%3D%22text-align%3A+right%3B%22%3E%3Cspan+style%3D%22color%3A+black%3B%22%3E%D7%9E%D7%98%D7%92%D7%A0%D7%99%D7%9D+%D7%90%D7%AA+%D7%94%D7%A2%D7%92%D7%91%D7%A0%D7%99%D7%95%D7%AA+%D7%9B%D7%93%D7%A7%D7%94-%D7%A9%D7%AA%D7%99%D7%99%D7%9D+%D7%91%D7%A8%D7%91%D7%A2+%D7%9B%D7%95%D7%A1+%D7%A9%D7%9E%D7%9F+%D7%94%D7%96%D7%99%D7%AA%2C+%D7%9E%D7%A0%D7%9E%D7%99%D7%9B%D7%99%D7%9D+%D7%90%D7%AA+%D7%94%D7%90%D7%A9+%D7%95%D7%9E%D7%91%D7%A9%D7%9C%D7%99%D7%9D+%D7%90%D7%AA+%D7%94%D7%A2%D7%92%D7%91%D7%A0%D7%99%D7%95%D7%AA+%D7%A2%D7%9C+%D7%90%D7%A9+%D7%A7%D7%98%D7%A0%D7%94+%D7%9B%D7%A9%D7%A2%D7%94-+%D7%A9%D7%A2%D7%94+%D7%95%D7%97%D7%A6%D7%99+%D7%A2%D7%93+%D7%9C%D7%A7%D7%91%D7%9C%D7%AA+%D7%9E%D7%97%D7%99%D7%AA%D7%90%D7%97%D7%99%D7%93%D7%94+%D7%99%D7%97%D7%A1%D7%99%D7%AA%3C%2Fspan%3E%3Cspan+dir%3D%22LTR%22%3E%3C%2Fspan%3E%3Cspan+dir%3D%22LTR%22%3E%3C%2Fspan%3E%3Cspan+dir%3D%22LTR%22+style%3D%22color%3A+black%3B%22%3E%3Cspan+dir%3D%22LTR%22%3E%3C%2Fspan%3E%3Cspan+dir%3D%22LTR%22%3E%3C%2Fspan%3E.%3C%2Fspan%3E%3C%2Fp%3E%3Cp+dir%3D%22RTL%22+style%3D%22text-align%3A+right%3B%22%3E%3Cspan+dir%3D%22RTL%22%3E%3C%2Fspan%3E%3Cspan+style%3D%22color%3A+black%3B%22%3E%D7%91%D7%AA%D7%95%D7%9D+%D7%94%D7%91%D7%99%D7%A9%D7%95%D7%9C+%D7%99%D7%A9+%D7%9C%D7%94%D7%95%D7%A1%D7%99%D7%A3+%D7%9B%D7%A4%D7%99%D7%AA+%D7%A1%D7%95%D7%9B%D7%A8%2C+%D7%A9%D7%9F+%D7%A9%D7%95%D7%9D+%D7%9B%D7%AA%D7%95%D7%A9%D7%94%2C+%D7%90%D7%95%D7%A8%D7%92%D7%A0%D7%95+%D7%99%D7%91%D7%A9+%D7%95%D7%9B%D7%97%D7%A6%D7%99+%D7%9B%D7%A4%D7%99%D7%AA+%D7%9E%D7%9C%D7%97.+%D7%9C%D7%A2%D7%A8%D7%91%D7%91+%D7%94%D7%99%D7%98%D7%91+%D7%95%D7%9C%D7%94%D7%A1%D7%99%D7%A8+%D7%9E%D7%94%D7%90%D7%A9%3C%2Fspan%3E%3Cspan+dir%3D%22LTR%22%3E%3C%2Fspan%3E%3Cspan+dir%3D%22LTR%22%3E%3C%2Fspan%3E%3Cspan+dir%3D%22LTR%22+style%3D%22color%3A+black%3B%22%3E%3Cspan+dir%3D%22LTR%22%3E%3C%2Fspan%3E%3Cspan+dir%3D%22LTR%22%3E%3C%2Fspan%3E.%3C%2Fspan%3E%3C%2Fp%3E%3Cp+dir%3D%22RTL%22+style%3D%22text-align%3A+right%3B%22%3E%3Cspan+style%3D%22color%3A+black%3B%22%3E%3C%2Fspan%3E%3C%2Fp%3E%3Cp+dir%3D%22RTL%22+style%3D%22text-align%3A+right%3B%22%3E%3Cspan+style%3D%22color%3A+black%3B%22%3E%3C%2Fspan%3E%3C%2Fp%3E%3Cp+dir%3D%22RTL%22+style%3D%22text-align%3A+right%3B%22%3E%3Cspan+style%3D%22color%3A+black%3B%22%3E%3C%2Fspan%3E%3C%2Fp%3E%3Cp+dir%3D%22RTL%22+style%3D%22text-align%3A+right%3B%22%3E%3Cspan+style%3D%22color%3A+black%3B%22%3E%3C%2Fspan%3E%3C%2Fp%3E%3Cp+dir%3D%22RTL%22+style%3D%22text-align%3A+right%3B%22%3E%3Cspan+style%3D%22color%3A+black%3B%22%3E%D7%91%D7%99%D7%A9%D7%95%D7%9C+%D7%94%D7%92%D7%96%D7%A8%D7%99%D7%9D+%D7%A2%D7%93+%D7%9C%D7%A8%D7%99%D7%9B%D7%95%D7%9A%2C+%D7%A7%D7%99%D7%9C%D7%95%D7%A3+%D7%95%D7%92%D7%99%D7%A8%D7%95%D7%93+%D7%94%D7%92%D7%96%D7%A8%D7%99%D7%9D+%D7%91%D7%A4%D7%95%D7%9E%D7%A4%D7%99%D7%94.%3C%2Fspan%3E%3Cspan+dir%3D%22LTR%22+style%3D%22color%3A+black%3B%22%3E%3C%2Fspan%3E%3C%2Fp%3E%3Cp+dir%3D%22RTL%22+style%3D%22text-align%3A+right%3B%22%3E%3Cspan+style%3D%22color%3A+black%3B%22%3E%D7%9E%D7%95%D7%A1%D7%99%D7%A4%D7%99%D7%9D+%D7%90%D7%AA+%D7%94%D7%92%D7%96%D7%A8%D7%99%D7%9D+%D7%9C%D7%A8%D7%95%D7%98%D7%91+%D7%94%D7%A2%D7%92%D7%91%D7%A0%D7%99%D7%95%D7%AA+%D7%95%D7%98%D7%95%D7%97%D7%A0%D7%99%D7%9D+%D7%91%D7%9E%D7%A2%D7%91%D7%93+%D7%9E%D7%96%D7%95%D7%9F+%D7%A2%D7%93+%D7%9C%D7%A7%D7%91%D7%9C%D7%AA+%D7%9E%D7%A8%D7%A7%D7%9D+%D7%97%D7%9C%D7%A7.%3C%2Fspan%3E%3C%2Fp%3E%3Cp+dir%3D%22RTL%22+style%3D%22text-align%3A+right%3B%22%3E%3Cspan+style%3D%22color%3A+black%3B%22%3E%3C%2Fspan%3E%3C%2Fp%3E%3Cp+dir%3D%22RTL%22+style%3D%22text-align%3A+right%3B%22%3E%3Cspan+style%3D%22color%3A+black%3B%22%3E%D7%9E%D7%91%D7%A9%D7%9C%D7%99%D7%9D+%D7%91%D7%A1%D7%99%D7%A8+%D7%90%D7%AA+%D7%94%D7%A9%D7%9E%D7%A0%D7%AA+%D7%A2%D7%93+%D7%9C%D7%A8%D7%AA%D7%99%D7%97%D7%94%2C+%D7%9E%D7%95%D7%A1%D7%99%D7%A4%D7%99%D7%9D+%D7%99%D7%99%D7%9F+%D7%9C%D7%91%D7%9F+%D7%95%D7%9E%D7%91%D7%A9%D7%9C%D7%99%D7%9D+%D7%A2%D7%9C+%D7%90%D7%A9+%D7%A0%D7%9E%D7%95%D7%9B%D7%94+%D7%AA%D7%95%D7%9A+%D7%9B%D7%93%D7%99+%D7%91%D7%97%D7%99%D7%A9%D7%94+%D7%91%D7%9E%D7%98%D7%A8%D7%A4%D7%94+%D7%9B-5-10+%D7%93%D7%A7%D7%95%D7%AA+.%3C%2Fspan%3E%3C%2Fp%3E%3Cp+dir%3D%22RTL%22+style%3D%22text-align%3A+right%3B%22%3E%3Cspan+style%3D%22color%3A+black%3B%22%3E%D7%9E%D7%95%D7%A1%D7%99%D7%A4%D7%99%D7%9D+%D7%90%D7%AA+%D7%A8%D7%95%D7%98%D7%91+%D7%94%D7%A2%D7%92%D7%91%D7%A0%D7%99%D7%95%D7%AA+%D7%90%D7%9C+%D7%94%D7%A9%D7%9E%D7%A0%D7%AA%2C+%D7%95%D7%9E%D7%95%D7%A1%D7%99%D7%A4%D7%99%D7%9D+%D7%A2%D7%95%D7%93+%D7%97%D7%A6%D7%99%D7%9B%D7%A4%D7%99%D7%AA+%D7%9E%D7%9C%D7%97.+%D7%95%D7%9E%D7%91%D7%A9%D7%9C%D7%99%D7%9D+%D7%99%D7%97%D7%93+%D7%A2%D7%95%D7%93+%D7%9B%D7%93%D7%A7%D7%94+%E2%80%93+%D7%A9%D7%AA%D7%99%D7%99%D7%9D+%D7%95%D7%94%D7%A8%D7%95%D7%98%D7%91+%D7%9E%D7%95%D7%9B%D7%9F%3C%2Fspan%3E%3Cspan+dir%3D%22LTR%22%3E%3C%2Fspan%3E%3Cspan+dir%3D%22LTR%22%3E%3C%2Fspan%3E%3Cspan+dir%3D%22LTR%22+style%3D%22color%3A+black%3B%22%3E%3Cspan+dir%3D%22LTR%22%3E%3C%2Fspan%3E%3Cspan+dir%3D%22LTR%22%3E%3C%2Fspan%3E.%3C%2Fspan%3E%3Cspan+style%3D%22color%3A+black%3B%22%3E%3C%2Fspan%3E%3C%2Fp%3E%3Cp+dir%3D%22RTL%22+style%3D%22text-align%3A+right%3B%22%3E%3Cspan+style%3D%22color%3A+black%3B%22%3E%3C%2Fspan%3E%3C%2Fp%3E%3Cp+dir%3D%22RTL%22+style%3D%22text-align%3A+right%3B%22%3E%3Cspan+style%3D%22color%3A+black%3B%22%3E%D7%91%D7%99%D7%A9%D7%95%D7%9C+%D7%94%D7%A4%D7%A1%D7%98%D7%94+%D7%91%D7%9E%D7%99%D7%9D+%D7%A8%D7%95%D7%AA%D7%97%D7%99%D7%9D.%3C%2Fspan%3E%3C%2Fp%3E%3Cp+dir%3D%22RTL%22+style%3D%22text-align%3A+right%3B%22%3E%3Cspan+style%3D%22color%3A+black%3B%22%3E%3C%2Fspan%3E%3C%2Fp%3E%3Cp+dir%3D%22RTL%22+style%3D%22text-align%3A+right%3B%22%3E%3Cspan+style%3D%22color%3A+black%3B%22%3E%3C%2Fspan%3E%3C%2Fp%3E%3Cp+dir%3D%22RTL%22+style%3D%22text-align%3A+right%3B%22%3E%3Cspan+style%3D%22color%3A+black%3B%22%3E%D7%A2%D7%A8%D7%91%D7%95%D7%91+%D7%94%D7%A4%D7%A1%D7%98%D7%94+%D7%A2%D7%9D+%D7%94%D7%A8%D7%95%D7%98%D7%91+%D7%95%D7%94%D7%95%D7%A1%D7%A4%D7%AA+%D7%A4%D7%A8%D7%9E%D7%96%27%D7%9F+%D7%9E%D7%92%D7%95%D7%A8%D7%A8+%D7%9E%D7%9C%D7%9E%D7%A2%D7%9C%D7%94.%3C%2Fspan%3E%3C%2Fp%3E', 10056, 'עשיר בסיבים', '15 דקות'),
(10026, '10 טיפים למתכונים בריאים', '2015-08-26', 'לובי', 10007, 'טיפים שיעזרו לכם להבריא את המתכונים שלכם ויסייעו עם תזונה נכונה יותר!', '<p>תחליפים לרטבים על בסיס שמנת -&gt; חלב המוסמך עם קמח: <br/>1 כוס חלב + 4 כפות קמח לבן -&gt; מרתיחים על חום בינוני ובוחשים -&gt; יחסוך לנו 680 קלוריות ו-53 גרם של שומן רווי!</p><p>לבשל עם פחות שמן! לקנות את ה-PAN או לקנות מכשיר בebay או ב-SOHO שבו מכניסים את השמן והוא מוציא בצורת ספריי וכל לחיצה היא רק קלוריה אחת! או שימוש בחבתות עם ציפוי מיוחד שלא דורש שמן!</p><p>קריספיות בלי שומניות! אפשר להכין מזון עם מעטה קריספי גם בלי כל השומן והטיגון וזה פשוט מאד – להכניס לתנור.</p><p>החלפת המלח בתבלינים שונים כמו בזיליקום, טימין ואפילו לימון!    עם הזמן פקעיות הטעם בלשון יסתגלו לצריכה מופחתת של מלח.</p><p>תגדלו תבלינים! עציץ של בזיליקום בבית.</p><p>שימוש בקמח מלא במאפים. בקמח מלא יש פחות חלבון גלוטן ולכן המאפים יצאו פחות &#34;קשיחים&#34; וקמח זה הוא דווקא מעולה לעוגות שנרצה אותם רכות יותר. <br/>לעומת זאת בבצקים שכן נרצה בהם את האלסטיות של הגלוטן כמו בצק פיצה זה קצת בעייתי ולכן מומלץ להוציא את הבצק פיצה -&gt; להשטיח -&gt; ולתת לו לעמוד 15 דקות -&gt; אח&#34;כ יהיה הרבה יותר קל לרדד אותו.</p><p>מחליפי שומנים &#34;רעים&#34; בשומנים &#34;טובים&#34; – החלפת חמאה בשמן קנולה או שמן זית ככל הניתן.</p><p>החליפו חלק מכמות הסוכר במקור טבעי לסוכר. לדוגמא: ניתן להוסיף אגסים מגוררים לבלילה של עוגה או פנקייק, במקום חלק מכמות הסוכר, תוך הפחתה של רבע כוס נוזל מכמות הנוזלים במתכון, לכל אגס שהוספתם.</p>', '', '', 10044, '', '0'),
(10032, 'קרוק מאדאם שפוי', '2015-08-29', 'לובי', 10007, 'גרסה שפויה, טעימה, בריאה וקלילה למנה הפריזאית האהובה קרוק מאדאם', '%3Cp%3E%D7%A7%D7%A8%D7%95%D7%A7+%D7%9E%D7%90%D7%93%D7%90%D7%9D%2C+%D7%94%D7%90%D7%92%D7%A1+%D7%91%D7%A0%D7%93%D7%99%D7%A7%D7%98+%D7%A9%D7%9C+%D7%94%D7%A6%D7%A8%D7%A4%D7%AA%D7%99%D7%9D%2C+%D7%91%D7%92%D7%A8%D7%A1%D7%94+%D7%A4%D7%A9%D7%95%D7%98+%D7%98%D7%A2%D7%99%D7%9E%D7%94+%D7%95%D7%A7%D7%9C%D7%99%D7%9C%D7%94+%D7%9C%D7%94%D7%9B%D7%A0%D7%94.%3C%2Fp%3E%3Cp%3E%D7%9E%D7%95%D7%A9%D7%9C%D7%9E%D7%AA+%D7%9C%D7%91%D7%A8%D7%90%D7%A0%D7%A5+%D7%A9%D7%9C+%D7%A9%D7%91%D7%AA+%D7%90%D7%95+%D7%9C%D7%90%D7%A8%D7%95%D7%97%D7%AA+%D7%A2%D7%A8%D7%91+%D7%9E%D7%95%D7%A9%D7%A7%D7%A2%D7%AA.%3C%2Fp%3E%3Cp%3E%D7%94%D7%A4%D7%A2%D7%9D+%D7%91%D7%92%D7%A8%D7%A1%D7%94+%D7%A9%D7%A4%D7%95%D7%99%D7%94+%D7%9C%D7%9C%D7%90+%D7%A8%D7%92%D7%A9%D7%95%D7%AA+%D7%90%D7%A9%D7%9D%21%3C%2Fp%3E%3Cp%3E%D7%96%D7%9E%D7%9F+%D7%94%D7%9B%D7%A0%D7%94+-+10+%D7%93%D7%A7%D7%95%D7%AA+%3Cbr%2F%3E%D7%A2%D7%9C%D7%95%D7%AA+%D7%9E%D7%9E%D7%95%D7%A6%D7%A2%D7%AA+-+20+%D7%A9%26%2334%3B%D7%97%3Cbr%2F%3E%3C%2Fp%3E%3Cp%3E%D7%95%D7%98%D7%94-%D7%93%D7%90%D7%9D%2C+%D7%A7%D7%99%D7%91%D7%9C%D7%AA%D7%9D+%D7%A7%D7%A8%D7%95%D7%A7+%D7%9E%D7%90%D7%93%D7%9D%21%3Cbr%2F%3E%D7%92%D7%A8%D7%A1%D7%94+%D7%A9%D7%A4%D7%95%D7%99%D7%94+%D7%95%D7%9E%D7%95%D7%A4%D7%97%D7%AA%D7%AA+%D7%A7%D7%9C%D7%95%D7%A8%D7%99%D7%95%D7%AA+-+%D7%91%D7%95%D7%9F+%D7%90%D7%A4%D7%98%D7%99%D7%98%21%3Cbr%2F%3E%3C%2Fp%3E', '%3Cp%3E%3C%2Fp%3E%3Cp+dir%3D%22RTL%22+style%3D%22text-align%3A+right%3Bdirection%3A+rtl%3B%22%3E%3Cspan+dir%3D%22RTL%22%3E%3C%2Fspan%3E%3Cspan+dir%3D%22RTL%22%3E%3C%2Fspan%3E%3Cspan+style%3D%22color%3A+%23595959%3B%22%3E%3Cspan+dir%3D%22RTL%22%3E%3C%2Fspan%3E%3Cspan+dir%3D%22RTL%22%3E%3C%2Fspan%3E2+%D7%A4%D7%A8%D7%95%D7%A1%D7%95%D7%AA+%D7%9C%D7%97%D7%9D+%D7%A9%D7%99%D7%A4%D7%95%D7%9F+%26%2334%3B%D7%A9%D7%9C+%D7%A4%D7%A2%D7%9D%26%2334%3B%3C%2Fspan%3E%3C%2Fp%3E%3Cp+dir%3D%22RTL%22+style%3D%22text-align%3A+right%3Bdirection%3A+rtl%3B%22%3E%3Cspan+style%3D%22color%3A+%23595959%3B%22%3E2+%D7%91%D7%99%D7%A6%D7%99%D7%9D%3C%2Fspan%3E%3C%2Fp%3E%3Cp+dir%3D%22RTL%22+style%3D%22text-align%3A+right%3Bdirection%3A+rtl%3B%22%3E%3Cspan+style%3D%22color%3A+%23595959%3B%22%3E%D7%9B%D7%A3+%D7%97%D7%9C%D7%91%3C%2Fspan%3E%3C%2Fp%3E%3Cp+dir%3D%22RTL%22+style%3D%22text-align%3A+right%3Bdirection%3A+rtl%3B%22%3E%3Cspan+style%3D%22color%3A+%23595959%3B%22%3E%D7%A7%D7%95%D7%A8%D7%98+%D7%9E%D7%9C%D7%97%3C%2Fspan%3E%3C%2Fp%3E%3Cp+dir%3D%22RTL%22+style%3D%22text-align%3A+right%3Bdirection%3A+rtl%3B%22%3E%3Cspan+style%3D%22color%3A+%23595959%3B%22%3E2+%D7%A4%D7%A8%D7%95%D7%A1%D7%95%D7%AA+%D7%A1%D7%9C%D7%9E%D7%95%D7%9F+%D7%9E%D7%A2%D7%95%D7%A9%D7%9F%3C%2Fspan%3E%3C%2Fp%3E%3Cp+dir%3D%22RTL%22+style%3D%22text-align%3A+right%3Bdirection%3A+rtl%3B%22%3E%3Cspan+style%3D%22color%3A+%23595959%3B%22%3E%D7%AA%D7%A8%D7%A1%D7%99%D7%A1+%D7%A9%D7%9E%D7%9F+%D7%A7%D7%A0%D7%95%D7%9C%D7%94%3C%2Fspan%3E%3C%2Fp%3E%3Cp+dir%3D%22RTL%22+style%3D%22text-align%3A+right%3Bdirection%3A+rtl%3B%22%3E%3Cspan+style%3D%22color%3A+%23595959%3B%22%3E%D7%92%D7%91%D7%99%D7%A0%D7%AA+%D7%A4%D7%99%D7%9C%D7%93%D7%9C%D7%A4%D7%99%D7%94+%D7%9E%D7%95%D7%A7%D7%A6%D7%A4%D7%AA+15%25+%D7%A9%D7%95%D7%9E%D7%9F%3C%2Fspan%3E%3C%2Fp%3E%3Cp%3E%3C%2Fp%3E', '%3Cp%3E%3C%2Fp%3E%3Cp+dir%3D%22RTL%22+style%3D%22text-align%3A+right%3Bdirection%3A+rtl%3B%22%3E%3Cspan+style%3D%22color%3A+%23595959%3B%22%3E%D7%9E%D7%A4%D7%A8%D7%99%D7%93%D7%99%D7%9D+%D7%91%D7%99%D7%9F+%D7%94%D7%97%D7%9C%D7%91%D7%95%D7%A0%D7%99%D7%9D+%D7%9C%D7%97%D7%9C%D7%9E%D7%95%D7%A0%D7%99%D7%9D+%D7%91%D7%91%D7%99%D7%A6%D7%99%D7%9D%2C+%D7%AA%D7%95%D7%9A+%D7%94%D7%A7%D7%A4%D7%93%D7%94+%D7%A2%D7%9C+%D7%A9%D7%9C%D7%9E%D7%95%D7%9F+%D7%94%D7%97%D7%9C%D7%9E%D7%95%D7%9F.%3C%2Fspan%3E%3C%2Fp%3E%3Cp+dir%3D%22RTL%22+style%3D%22text-align%3A+right%3Bdirection%3A+rtl%3B%22%3E%3Cspan+style%3D%22color%3A+%23595959%3B%22%3E%D7%9E%D7%A2%D7%A8%D7%91%D7%91%D7%99%D7%9D+%D7%90%D7%AA+%D7%94%D7%97%D7%9C%D7%9E%D7%95%D7%A0%D7%99%D7%9D+%D7%A2%D7%9D+%D7%A7%D7%95%D7%A8%D7%98+%D7%9E%D7%9C%D7%97+%D7%95%D7%9B%D7%A3+%D7%97%D7%9C%D7%91+%D7%A2%D7%93+%D7%9C%D7%A7%D7%91%D7%9C%D7%AA+%D7%9E%D7%A8%D7%A7%D7%9D+%D7%90%D7%97%D7%99%D7%93+%D7%95%D7%90%D7%95%D7%95%D7%A8%D7%99%D7%A8%D7%99.%3C%2Fspan%3E%3C%2Fp%3E%3Cp+dir%3D%22RTL%22+style%3D%22text-align%3A+right%3Bdirection%3A+rtl%3B%22%3E%3Cspan+style%3D%22color%3A+%23595959%3B%22%3E%D7%98%D7%95%D7%91%D7%9C%D7%99%D7%9D+%D7%90%D7%AA+%D7%94%D7%A4%D7%A8%D7%95%D7%A1%D7%95%D7%AA+%D7%9C%D7%97%D7%9D+%D7%91%D7%91%D7%9C%D7%99%D7%9C%D7%94+%D7%9C%D7%9E%D7%A9%D7%9A+30+%D7%A9%D7%A0%D7%99%D7%95%D7%AA+%D7%9B%D7%9C+%D7%A6%D7%93.%3C%2Fspan%3E%3C%2Fp%3E%3Cp+dir%3D%22RTL%22+style%3D%22text-align%3A+right%3Bdirection%3A+rtl%3B%22%3E%3Cspan+style%3D%22color%3A+%23595959%3B%22%3E%D7%9E%D7%97%D7%9E%D7%9E%D7%9E%D7%99%D7%9D+%D7%9E%D7%97%D7%91%D7%AA+%D7%95%D7%9E%D7%A8%D7%A1%D7%A1%D7%99%D7%9D+3+%D7%A8%D7%99%D7%A1%D7%95%D7%A1%D7%99+%D7%A9%D7%9E%D7%9F+%D7%A7%D7%A0%D7%95%D7%9C%D7%94.%3C%2Fspan%3E%3C%2Fp%3E%3Cp+dir%3D%22RTL%22+style%3D%22text-align%3A+right%3Bdirection%3A+rtl%3B%22%3E%3Cspan+style%3D%22color%3A+%23595959%3B%22%3E%D7%9E%D7%A0%D7%99%D7%97%D7%99%D7%9D+%D7%90%D7%AA+%D7%94%D7%9C%D7%97%D7%9D+%D7%A2%D7%9C+%D7%94%D7%9E%D7%97%D7%91%D7%AA+%D7%90%D7%A9+%D7%91%D7%99%D7%A0%D7%95%D7%A0%D7%99%D7%AA+%D7%9B-4+%D7%93%D7%A7%D7%95%D7%AA+%D7%9C%D7%9B%D7%9C+%D7%A6%D7%93+%D7%A2%D7%93+%D7%9C%D7%94%D7%A9%D7%97%D7%9E%D7%94.%3C%2Fspan%3E%3C%2Fp%3E%3Cp+dir%3D%22RTL%22+style%3D%22text-align%3A+right%3Bdirection%3A+rtl%3B%22%3E%3Cspan+style%3D%22color%3A+%23595959%3B%22%3E%D7%9E%D7%A0%D7%A7%D7%99%D7%9D+%D7%90%D7%AA+%D7%94%D7%9E%D7%97%D7%91%D7%AA+%D7%95%D7%9E%D7%A8%D7%A1%D7%A1%D7%99%D7%9D+%D7%A9%D7%95%D7%91+%D7%91%D7%A9%D7%9E%D7%9F.%3C%2Fspan%3E%3C%2Fp%3E%3Cp+dir%3D%22RTL%22+style%3D%22text-align%3A+right%3Bdirection%3A+rtl%3B%22%3E%3Cspan+style%3D%22color%3A+%23595959%3B%22%3E%D7%9E%D7%98%D7%92%D7%A0%D7%99%D7%9D+%D7%90%D7%AA+%D7%94%D7%97%D7%9C%D7%9E%D7%95%D7%A0%D7%99%D7%9D+%D7%9B%D7%91%D7%99%D7%A6%D7%AA+%D7%A2%D7%99%D7%9F+%D7%9C%D7%A4%D7%99+%D7%9E%D7%99%D7%93%D7%AA+%D7%94%D7%A2%D7%A9%D7%99%D7%94+%D7%94%D7%90%D7%94%D7%95%D7%91%D7%94+%D7%A2%D7%9C%D7%99%D7%9B%D7%9D.%3C%2Fspan%3E%3C%2Fp%3E%3Cp+dir%3D%22RTL%22+style%3D%22text-align%3A+right%3Bdirection%3A+rtl%3B%22%3E%3C%2Fp%3E%3Cp+dir%3D%22RTL%22+style%3D%22text-align%3A+right%3Bdirection%3A+rtl%3B%22%3E%3Cspan+style%3D%22color%3A+%23595959%3B%22%3E%D7%9E%D7%A0%D7%99%D7%97%D7%99%D7%9D+%D7%90%D7%AA+%D7%94%D7%A4%D7%A8%D7%95%D7%A1%D7%95%D7%AA+%D7%9C%D7%97%D7%9D+%D7%A2%D7%9C+%D7%A6%D7%9C%D7%97%D7%AA%2C+%D7%9E%D7%95%D7%A8%D7%97%D7%99%D7%9D+%D7%9B%D7%A3+%D7%A9%D7%98%D7%95%D7%97%D7%94+%D7%A9%D7%9C+%D7%92%D7%91%D7%99%D7%A0%D7%AA+%D7%A9%D7%9E%D7%A0%D7%AA+%D7%9E%D7%95%D7%A4%D7%97%D7%AA%D7%AA+%D7%A9%D7%95%D7%9E%D7%9F+%D7%A2%D7%9C+%D7%9B%D7%9C+%D7%90%D7%97%D7%93+%D7%9E%D7%94%D7%A4%D7%A8%D7%95%D7%A1%D7%95%D7%AA+%D7%9C%D7%97%D7%9D.+%D7%9E%D7%A0%D7%99%D7%97%D7%99%D7%9D+%D7%A4%D7%A8%D7%95%D7%A1%D7%AA+%D7%A1%D7%9C%D7%9E%D7%95%D7%9F+%D7%A2%D7%9C+%D7%9B%D7%9C+%D7%A4%D7%A8%D7%95%D7%A1%D7%AA+%D7%9C%D7%97%D7%9D+%D7%95%D7%9E%D7%9C%D7%9E%D7%A2%D7%9C%D7%94+%D7%91%D7%99%D7%A6%D7%AA+%D7%A2%D7%99%D7%9F.%3C%2Fspan%3E%3C%2Fp%3E%3Cp+dir%3D%22RTL%22+style%3D%22text-align%3A+right%3Bdirection%3A+rtl%3B%22%3E%3Cspan+style%3D%22color%3A+%23595959%3B%22%3E%D7%91%D7%95%D7%9F+%D7%90%D7%A4%D7%98%D7%99%D7%98%21%3C%2Fspan%3E%3C%2Fp%3E%3Cp%3E%3C%2Fp%3E%3Cp%3E%3C%2Fp%3E', 10048, '', '0'),
(10046, 'מרק כתום מושלם לחורף', '2016-01-22', 'לובי', 10007, '%D7%9E%D7%A8%D7%A7+%D7%9B%D7%AA%D7%95%D7%9D+%D7%9E%D7%95%D7%A9%D7%9C%D7%9D+%D7%95%D7%9E%D7%A0%D7%97%D7%9D+%D7%9C%D7%99%D7%9E%D7%99%D7%9D+%D7%A7%D7%A8%D7%99%D7%A8%D7%99%D7%9D.+%D7%9E%D7%9C%D7%90+%D7%91%D7%95%D7%99%D7%98%D7%9E%D7%99%D7%A0%D7%99%D7%9D+%D7%95%D7%98%D7%A2%D7%9E%D7%99%D7%9D+%D7%9E%D7%95%D7%A4%D7%9C%D7%90%D7%99%D7%9D+%D7%95%D7%94%D7%9B%D7%99+%D7%97%D7%A9%D7%95%D7%91+-+%D7%9C%D7%95%D7%A7%D7%97+%D7%A4%D7%97%D7%95%D7%AA+%D7%9E%D7%97%D7%A6%D7%99+%D7%A9%D7%A2%D7%94+%D7%9C%D7%94%D7%9B%D7%99%D7%9F+%D7%90%D7%95%D7%AA%D7%95.', '%3Cp%3E%D7%9C%D7%9B%D7%95%D7%9C%D7%9D+%D7%96%D7%94+%D7%A7%D7%95%D7%A8%D7%94%2C+%D7%97%D7%95%D7%96%D7%A8%D7%99%D7%9D+%D7%94%D7%91%D7%99%D7%AA%D7%94+%D7%90%D7%97%D7%A8%D7%99+%D7%99%D7%95%D7%9D+%D7%90%D7%A8%D7%95%D7%9A+%D7%95%D7%92%D7%A9%D7%95%D7%9D+%D7%91%D7%9E%D7%99%D7%95%D7%97%D7%93.+%D7%94%D7%9E%D7%A7%D7%A8%D7%A8+%D7%A8%D7%99%D7%A7+%D7%95%D7%94%D7%93%D7%91%D7%A8+%D7%94%D7%99%D7%97%D7%99%D7%93+%D7%A9%D7%9E%D7%AA%D7%97%D7%A9%D7%A7+%D7%96%D7%94+%D7%9E%D7%A9%D7%94%D7%95+%D7%97%D7%9E%D7%99%D7%9D%2C+%D7%98%D7%A2%D7%99%D7%9D+%D7%95%D7%9E%D7%A0%D7%97%D7%9D.+%D7%90%D7%96+%D7%A7%D7%91%D7%9C%D7%95+%D7%9E%D7%AA%D7%9B%D7%95%D7%9F+%D7%A7%D7%9C%D7%99%D7%9C+%D7%95%D7%A1%D7%95%D7%A4%D7%A8+%D7%98%D7%A2%D7%99%D7%9D+%D7%A9%D7%9C%D7%95%D7%A7%D7%97+%D7%A4%D7%97%D7%95%D7%AA+%D7%9E-10+%D7%93%D7%A7%D7%95%D7%AA+%D7%A2%D7%91%D7%95%D7%93%D7%94+%D7%95%D7%9E%D7%95%D7%9B%D7%9F+%D7%AA%D7%95%D7%9A+%D7%9B%D7%9E%D7%A2%D7%98+%D7%97%D7%A6%D7%99+%D7%A9%D7%A2%D7%94.+%D7%9E%D7%A2%D7%91%D7%A8+%D7%9C%D7%9B%D7%9A+%D7%A9%D7%94%D7%95%D7%90+%D7%A7%D7%9C%D7%99%D7%9C+%D7%94%D7%95%D7%90+%D7%92%D7%9D+%D7%9E%D7%9B%D7%99%D7%9C+5+%D7%A8%D7%9B%D7%99%D7%91%D7%99%D7%9D+%D7%A0%D7%94%D7%93%D7%A8%D7%99%D7%9D+%D7%A9%D7%91%D7%92%D7%9C%D7%9C%D7%9D+%D7%90%D7%AA%D7%9D+%D7%A4%D7%A9%D7%95%D7%98+%D7%97%D7%99%D7%99%D7%91%D7%99%D7%9D+%D7%9C%D7%94%D7%9B%D7%99%D7%9F+%D7%90%D7%95%D7%AA%D7%95%21%3C%2Fp%3E%3Cp%3E1.+%D7%A2%D7%93%D7%A9%D7%99%D7%9D+%D7%9B%D7%AA%D7%95%D7%9E%D7%95%D7%AA+-+%C2%A0%D7%94%D7%9F+%D7%9B%D7%A0%D7%A8%D7%90%D7%94+%D7%94%D7%A7%D7%98%D7%A0%D7%99%D7%94+%D7%94%D7%90%D7%94%D7%95%D7%91%D7%94+%D7%A2%D7%9C%D7%99%D7%99+%D7%95%D7%99%D7%A9+%D7%9C%D7%9B%D7%9A+%D7%9E%D7%A1%D7%A4%D7%A8+%D7%A1%D7%99%D7%91%D7%95%D7%AA.+%D7%9C%D7%90+%D7%97%D7%99%D7%99%D7%91%D7%99%D7%9D+%D7%9C%D7%94%D7%A9%D7%A8%D7%95%D7%AA+%D7%90%D7%95%D7%AA%D7%9F%2C+%D7%95%D7%9C%D7%90+%D7%A6%D7%A8%D7%99%D7%9A+%D7%9C%D7%97%D7%9B%D7%95%D7%AA+%D7%A9%D7%A2%D7%94+%D7%A9%D7%94%D7%9F+%D7%99%D7%AA%D7%91%D7%A9%D7%9C%D7%95.+%D7%9B%D7%9E%D7%95+%D7%9B%D7%9C+%D7%94%D7%A7%D7%98%D7%A0%D7%99%D7%95%D7%AA+%D7%94%D7%9F+%D7%A2%D7%A9%D7%99%D7%A8%D7%95%D7%AA+%D7%91%D7%97%D7%9C%D7%91%D7%95%D7%9F%2C+%D7%A1%D7%99%D7%91%D7%99%D7%9D+%D7%AA%D7%96%D7%95%D7%A0%D7%AA%D7%99%D7%99%D7%9D+%D7%95%D7%A4%D7%97%D7%9E%D7%99%D7%9E%D7%95%D7%AA+%D7%95%D7%9E%D7%A2%D7%A9%D7%99%D7%A8%D7%95%D7%AA+%D7%90%D7%AA+%D7%94%D7%AA%D7%96%D7%95%D7%A0%D7%94+%D7%A9%D7%9C%D7%A0%D7%95+%D7%91%D7%A9%D7%9C%D7%9C+%D7%95%D7%99%D7%98%D7%9E%D7%99%D7%A0%D7%99%D7%9D+%D7%95%D7%9E%D7%99%D7%A0%D7%A8%D7%9C%D7%99%D7%9D.%C2%A0%3C%2Fp%3E%3Cp%3E2.+%D7%91%D7%98%D7%98%D7%94+-+%D7%A7%D7%95%D7%93%D7%9D+%D7%9B%D7%9C+%D7%94%D7%99%D7%90+%D7%A4%D7%A9%D7%95%D7%98+%D7%98%D7%A2%D7%99%D7%9E%D7%94%21+%D7%9E%D7%A2%D7%91%D7%A8+%D7%9C%D7%96%D7%94+%D7%94%D7%99%D7%90+%D7%9E%D7%95%D7%A1%D7%99%D7%A4%D7%94+%D7%98%D7%A2%D7%9D+%D7%A2%D7%93%D7%99%D7%9F+%D7%95%D7%9E%D7%AA%D7%A7%D7%AA%D7%A7+%D7%9C%D7%9B%D7%9C+%D7%AA%D7%91%D7%A9%D7%99%D7%9C+%D7%95%D7%9E%D7%9B%D7%99%D7%9C%D7%94+%D7%9B%D7%9E%D7%95%D7%AA+%D7%91%D7%9C%D7%AA%D7%99+%D7%9E%D7%91%D7%95%D7%98%D7%9C%D7%AA+%D7%A9%D7%9C+%D7%95%D7%99%D7%98%D7%9E%D7%99%D7%9F+A.%3C%2Fp%3E%3Cp%3E3.+%D7%92%D7%96%D7%A8+-+%D7%92%D7%9D+%D7%94%D7%95%D7%90+%D7%9B%D7%9E%D7%95+%D7%94%D7%91%D7%98%D7%98%D7%94+%D7%9E%D7%9B%D7%99%D7%9C+%D7%95%D7%99%D7%98%D7%9E%D7%99%D7%9F+A.+%D7%95%D7%91%D7%A6%D7%95%D7%A8%D7%AA%D7%95+%D7%94%D7%9E%D7%98%D7%95%D7%92%D7%A0%D7%AA+%D7%A7%D7%9C%D7%95%D7%AA+%D7%91%D7%A9%D7%9E%D7%9F+%D7%94%D7%95%D7%90+%D7%9E%D7%A2%D7%A0%D7%99%D7%A7+%D7%9C%D7%A0%D7%95+%D7%95%D7%99%D7%98%D7%9E%D7%99%D7%9F+A+%D7%96%D7%9E%D7%99%D7%9F+%D7%99%D7%95%D7%AA%D7%A8%2C+%D7%94%D7%99%D7%93%D7%95%D7%A2+%D7%9B%D7%95%D7%99%D7%98%D7%9E%D7%99%D7%9F+%D7%94%D7%A2%D7%95%D7%96%D7%A8+%D7%9C%D7%A9%D7%9E%D7%95%D7%A8+%D7%A2%D7%9C+%D7%91%D7%A8%D7%99%D7%90%D7%95%D7%AA+%D7%94%D7%A2%D7%99%D7%9F.%3C%2Fp%3E%3Cp%3E4.+%D7%A9%D7%95%D7%9D+-+%D7%9B%D7%95%D7%9C%D7%9D+%D7%9B%D7%91%D7%A8+%D7%99%D7%95%D7%93%D7%A2%D7%99%D7%9D+%D7%A9%D7%94%D7%95%D7%90+v%D7%90%D7%A0%D7%98%D7%99%D7%91%D7%99%D7%95%D7%98%D7%99%D7%A7%D7%94+%D7%A9%D7%9C+%D7%94%D7%98%D7%91%D7%A2+%D7%95%D7%9C%D7%9B%D7%9F+%D7%9E%D7%99%D7%95%D7%97%D7%A1%D7%95%D7%AA+%D7%9C%D7%95+%D7%AA%D7%9B%D7%95%D7%A0%D7%95%D7%AA+%D7%9B%D7%9E%D7%95+%D7%97%D7%99%D7%96%D7%95%D7%A7+%D7%94%D7%9E%D7%A2%D7%A8%D7%9B%D7%AA+%D7%94%D7%97%D7%99%D7%A1%D7%95%D7%A0%D7%99%D7%AA%2C+%D7%94%D7%98%D7%91%D7%94+%D7%91%D7%94%D7%A6%D7%98%D7%A0%D7%A0%D7%95%D7%99%D7%95%D7%AA+%D7%95%D7%97%D7%99%D7%98%D7%95%D7%99.+%D7%9E%D7%A2%D7%91%D7%A8+%D7%9C%D7%9B%D7%9A+%D7%9E%D7%97%D7%A7%D7%A8%D7%99%D7%9D+%D7%A8%D7%91%D7%99%D7%9D+%D7%9E%D7%A8%D7%90%D7%99%D7%9D+%D7%9B%D7%99+%D7%94%D7%A9%D7%95%D7%9D+%D7%A2%D7%A9%D7%95%D7%99+%D7%9C%D7%94%D7%A4%D7%97%D7%99%D7%AA+%D7%AA%D7%A0%D7%92%D7%95%D7%93%D7%AA+%D7%9C%D7%90%D7%99%D7%A0%D7%A1%D7%95%D7%9C%D7%99%D7%9F+%D7%95%D7%9C%D7%9B%D7%9F+%D7%94%D7%95%D7%90+%D7%A2%D7%A9%D7%95%D7%99+%D7%9C%D7%94%D7%A4%D7%97%D7%99%D7%AA+%D7%A1%D7%99%D7%91%D7%95%D7%9B%D7%99+%D7%A1%D7%95%D7%9B%D7%A8%D7%AA.%3Cbr%2F%3E%D7%90%D7%91%D7%9C+%D7%9C%D7%9E%D7%A8%D7%95%D7%AA+%D7%9B%D7%9C+%D7%94%D7%AA%D7%9B%D7%95%D7%A0%D7%95%D7%AA+%D7%94%D7%97%D7%99%D7%95%D7%91%D7%99%D7%95%D7%AA+%D7%A9%D7%9C%D7%95+%D7%94%D7%95%D7%90+%D7%92%D7%9D+%D7%9E%D7%95%D7%AA%D7%99%D7%A8+%D7%90%D7%97%D7%A8%D7%99%D7%95+%D7%A8%D7%99%D7%97+%D7%A9%D7%A7%D7%A9%D7%94+%D7%9C%D7%A4%D7%A1%D7%A4%D7%A1.+%D7%9C%D7%A8%D7%99%D7%97+%D7%90%D7%97%D7%A8%D7%90%D7%99+%D7%94%D7%A8%D7%9B%D7%99%D7%91+%D7%90%D7%9C%D7%99%D7%9C+%D7%9E%D7%AA%D7%99%D7%9C+%D7%A1%D7%95%D7%9C%D7%A4%D7%99%D7%93+%D7%90%D7%95+%D7%91%D7%A7%D7%A6%D7%A8%D7%94+AMS%2C+%D7%A8%D7%9B%D7%99%D7%91+%D7%A2%D7%A7%D7%A9%D7%9F+%D7%91%D7%9E%D7%99%D7%95%D7%97%D7%93+%D7%A9%D7%9C%D7%90+%D7%9E%D7%AA%D7%A4%D7%A8%D7%A7+%D7%91%D7%96%D7%9E%D7%9F+%D7%94%D7%A2%D7%99%D7%9B%D7%95%D7%9C+%D7%95%D7%9C%D7%9B%D7%9F+%D7%94%D7%95%D7%90+%D7%9E%D7%95%D7%A4%D7%A8%D7%A9+%D7%91%D7%96%D7%99%D7%A2%D7%94+%D7%95%D7%91%D7%A8%D7%99%D7%97+%D7%92%D7%95%D7%A3.+%D7%90%D7%91%D7%9C+%D7%99%D7%A9+%D7%92%D7%9D+%D7%97%D7%93%D7%A9%D7%95%D7%AA+%D7%98%D7%95%D7%91%D7%95%D7%AA%21+%D7%9E%D7%A1%D7%AA%D7%91%D7%A8+%D7%A9%D7%AA%D7%A4%D7%95%D7%97+%D7%95%D7%97%D7%9C%D7%91+%D7%A2%D7%A9%D7%95%D7%99%D7%99%D7%9D+%D7%9C%D7%A1%D7%99%D7%99%D7%A2+%D7%91%D7%94%D7%A4%D7%97%D7%AA%D7%AA+%D7%94%D7%A0%D7%99%D7%97%D7%95%D7%97+%D7%94%D7%99%D7%95%D7%AA+%D7%95%D7%94%D7%9D+%D7%9E%D7%9B%D7%99%D7%9C%D7%99%D7%9D+%D7%A4%D7%95%D7%9C%D7%99%D7%A4%D7%A0%D7%95%D7%9C%D7%99%D7%9D+%D7%A9%D7%9E%D7%A4%D7%A8%D7%A7%D7%99%D7%9D+%D7%90%D7%AA+%D7%94-AMS.%3C%2Fp%3E%3Cp%3E5.+%D7%9B%D7%95%D7%A8%D7%9B%D7%95%D7%9D+-+%3Cspan+lang%3D%22HE%22+style%3D%22text-align%3A+right%3B%22%3E%D7%94%D7%AA%D7%91%D7%9C%D7%99%D7%9F+%D7%94%D7%A0%D7%A4%D7%95%D7%A5+%D7%91%D7%99%D7%95%D7%AA%D7%A8+%D7%91%D7%90%D7%95%D7%9B%D7%9C+%D7%94%D7%94%D7%95%D7%93%D7%99%2C+%D7%95%D7%9E%D7%99%D7%95%D7%97%D7%A1%D7%95%D7%AA+%D7%9C%D7%95+%D7%A1%D7%92%D7%95%D7%9C%D7%95%D7%AA+%D7%A8%D7%A4%D7%95%D7%90%D7%99%D7%95%D7%AA+%D7%A8%D7%91%D7%95%D7%AA%2C+%D7%91%D7%A2%D7%99%D7%A7%D7%A8+%D7%91%D7%92%D7%9C%D7%9C+%D7%94%D7%9B%D7%95%D7%A8%D7%9B%D7%95%D7%9E%D7%99%D7%9F+%D7%A9%D7%94%D7%95%D7%90+%D7%9E%D7%9B%D7%99%D7%9C.+%D7%9B%D7%95%D7%A8%D7%9B%D7%95%D7%9E%D7%99%D7%9F+%D7%94%D7%95%D7%90+%D7%A4%D7%95%D7%9C%D7%99%D7%A4%D7%A0%D7%95%D7%9C+%D7%91%D7%A2%D7%9C%3C%2Fspan%3E%3Cspan+dir%3D%22LTR%22+style%3D%22text-align%3A+right%3B%22%3E%3C%2Fspan%3E%3Cspan+dir%3D%22LTR%22+style%3D%22text-align%3A+right%3B%22%3E%3C%2Fspan%3E%3Cspan+dir%3D%22LTR%22+style%3D%22text-align%3A+right%3B%22%3E%3Cspan+dir%3D%22LTR%22%3E%3C%2Fspan%3E%3Cspan+dir%3D%22LTR%22%3E%3C%2Fspan%3E%C2%A0%3C%2Fspan%3E%3Cspan+style%3D%22text-align%3A+right%3B%22%3E%3Cspan+lang%3D%22HE%22%3E%D7%AA%D7%9B%D7%95%D7%A0%D7%95%D7%AA+%D7%90%D7%A0%D7%98%D7%99-+%D7%93%D7%9C%D7%A7%D7%AA%D7%99%D7%95%D7%AA%2C+%D7%A0%D7%95%D7%92%D7%93%D7%95%D7%AA+%D7%97%D7%99%D7%9E%D7%A6%D7%95%D7%9F+%D7%95%D7%A0%D7%95%D7%92%D7%93%D7%95%D7%AA+%D7%A1%D7%A8%D7%98%D7%9F.+%D7%A2%D7%9D+%D7%96%D7%90%D7%AA%2C+%D7%A8%D7%99%D7%9B%D7%95%D7%96+%D7%94%D7%9B%D7%95%D7%A8%D7%9B%D7%95%D7%9E%D7%99%D7%9F+%D7%91%D7%9B%D7%95%D7%A8%D7%9B%D7%95%D7%9D+%D7%94%D7%99%D7%A0%D7%95+%D7%A0%D7%9E%D7%95%D7%9A+%D7%9E%D7%93%D7%99+%D7%9E%D7%9B%D7%93%D7%99+%D7%9C%D7%94%D7%95%D7%95%D7%AA+%D7%98%D7%99%D7%A4%D7%95%D7%9C+%D7%91%D7%9E%D7%97%D7%9C%D7%95%D7%AA+%D7%A9%D7%95%D7%A0%D7%95%D7%AA.+%D7%90%D7%9A+%D7%9B%D7%9E%D7%95%D7%91%D7%9F+%D7%A9%D7%9C%D7%90+%D7%99%D7%96%D7%99%D7%A7+%D7%9C%D7%A0%D7%95+%D7%9C%D7%94%D7%95%D7%A1%D7%99%D7%A3+%D7%90%D7%95%D7%AA%D7%95+%D7%9C%D7%AA%D7%96%D7%95%D7%A0%D7%94+%D7%94%D7%99%D7%95%D7%9D-%D7%99%D7%95%D7%9E%D7%99%D7%AA+%D7%A9%D7%9C%D7%A0%D7%95.%3C%2Fspan%3E%3C%2Fspan%3E%3Cbr%2F%3E%3C%2Fp%3E%3Cp%3E%D7%90%D7%96+%D7%9E%D7%AA%D7%97%D7%99%D7%9C%D7%99%D7%9D+%D7%9C%D7%A2%D7%91%D7%95%D7%93%2C+%D7%A4%D7%97%D7%95%D7%AA+%D7%9E%D7%97%D7%A6%D7%99+%D7%A9%D7%A2%D7%94+%D7%95%D7%99%D7%A9+%D7%9C%D7%9B%D7%9D+%D7%9E%D7%A8%D7%A7+%D7%91%D7%A8%D7%99%D7%90+%D7%95%D7%98%D7%A2%D7%99%D7%9D.%3C%2Fp%3E', '%3Cp+dir%3D%22RTL%22+style%3D%22text-align%3A+right%3Bdirection%3A+rtl%3B%22%3E%3Cspan+dir%3D%22RTL%22%3E%3C%2Fspan%3E%3Cspan+dir%3D%22RTL%22%3E%3C%2Fspan%3E%3Cspan%3E%3Cspan+dir%3D%22RTL%22%3E%3C%2Fspan%3E%3Cspan+dir%3D%22RTL%22%3E%3C%2Fspan%3E1+%D7%91%D7%A6%D7%9C+%D7%92%D7%93%D7%95%D7%9C+%D7%9E%D7%A7%D7%95%D7%9C%D7%A3+%D7%95%D7%A7%D7%A6%D7%95%D7%A3%3C%2Fspan%3E%3C%2Fp%3E%3Cp+dir%3D%22RTL%22+style%3D%22text-align%3A+right%3Bdirection%3A+rtl%3B%22%3E%3Cspan%3E1+%D7%9B%D7%A3+%D7%A9%D7%9E%D7%9F%3C%2Fspan%3E%3C%2Fp%3E%3Cp+dir%3D%22RTL%22+style%3D%22text-align%3A+right%3Bdirection%3A+rtl%3B%22%3E%3Cspan%3E2+%D7%91%D7%98%D7%98%D7%95%D7%AA+%D7%91%D7%99%D7%A0%D7%95%D7%A0%D7%99%D7%95%D7%AA+%D7%90%D7%95+%D7%90%D7%97%D7%AA+%D7%92%D7%93%D7%95%D7%9C%D7%94%2C+%D7%A7%D7%9C%D7%95%D7%A4%D7%95%D7%AA+%D7%95%D7%97%D7%AA%D7%95%D7%9B%D7%95%D7%AA+%D7%9C%D7%A7%D7%95%D7%91%D7%99%D7%95%D7%AA%3C%2Fspan%3E%3C%2Fp%3E%3Cp+dir%3D%22RTL%22+style%3D%22text-align%3A+right%3Bdirection%3A+rtl%3B%22%3E%3Cspan%3E3+%D7%92%D7%96%D7%A8%D7%99%D7%9D+%D7%91%D7%99%D7%A0%D7%95%D7%A0%D7%99%D7%99%D7%9D+%D7%A7%D7%9C%D7%95%D7%A4%D7%99%D7%9D+%D7%95%D7%97%D7%AA%D7%95%D7%9B%D7%99%D7%9D+%D7%9C%D7%A7%D7%95%D7%91%D7%99%D7%95%D7%AA+%3C%2Fspan%3E%3C%2Fp%3E%3Cp+dir%3D%22RTL%22+style%3D%22text-align%3A+right%3Bdirection%3A+rtl%3B%22%3E%3Cspan%3E3+%D7%A9%D7%99%D7%A0%D7%99+%D7%A9%D7%95%D7%9D+%D7%A7%D7%9C%D7%95%D7%A4%D7%95%D7%AA%3C%2Fspan%3E%3C%2Fp%3E%3Cp+dir%3D%22RTL%22+style%3D%22text-align%3A+right%3Bdirection%3A+rtl%3B%22%3E%3Cspan%3E%D7%9B%D7%95%D7%A1+%D7%A2%D7%93%D7%A9%D7%99%D7%9D+%D7%9B%D7%AA%D7%95%D7%9E%D7%95%D7%AA%3C%2Fspan%3E%3C%2Fp%3E%3Cp+dir%3D%22RTL%22+style%3D%22text-align%3A+right%3Bdirection%3A+rtl%3B%22%3E%3Cspan%3E%D7%9B%D7%A3+%D7%95%D7%97%D7%A6%D7%99+%D7%9B%D7%95%D7%A8%D7%9B%D7%95%D7%9D%3C%2Fspan%3E%3C%2Fp%3E%3Cp+dir%3D%22RTL%22+style%3D%22text-align%3A+right%3Bdirection%3A+rtl%3B%22%3E%3Cspan%3E%D7%9B%D7%A3+%D7%9B%D7%9E%D7%95%D7%9F%3C%2Fspan%3E%3C%2Fp%3E%3Cp+dir%3D%22RTL%22+style%3D%22text-align%3A+right%3Bdirection%3A+rtl%3B%22%3E%3Cspan%3E%D7%A8%D7%91%D7%A2+%D7%9B%D7%A4%D7%99%D7%AA+%D7%A4%D7%9C%D7%A4%D7%9C%3C%2Fspan%3E%3C%2Fp%3E%3Cp+dir%3D%22RTL%22+style%3D%22text-align%3A+right%3Bdirection%3A+rtl%3B%22%3E%3Cspan%3E%D7%A8%D7%91%D7%A2+%D7%9B%D7%A4%D7%99%D7%AA+%D7%9E%D7%9C%D7%97%3C%2Fspan%3E%3C%2Fp%3E', '%3Cp+dir%3D%22RTL%22+style%3D%22text-align%3A+right%3Bdirection%3A+rtl%3B%22%3E%3Cspan%3E%D7%9E%D7%A0%D7%99%D7%97%D7%99%D7%9D+%D7%A1%D7%99%D7%A8+%D7%92%D7%93%D7%95%D7%9C+%D7%A2%D7%9C+%D7%94%D7%92%D7%96+%D7%A2%D7%9C+%D7%90%D7%A9+%D7%91%D7%99%D7%A0%D7%95%D7%A0%D7%99%D7%AA%2C+%D7%9E%D7%95%D7%A1%D7%A4%D7%99%D7%9D+%D7%9B%D7%A3+%D7%A9%D7%9E%D7%9F.+%D7%9C%D7%90%D7%97%D7%A8+%D7%A9%D7%94%D7%A9%D7%9E%D7%9F+%D7%9E%D7%AA%D7%97%D7%9E%D7%9D+%D7%9E%D7%95%D7%A1%D7%99%D7%A4%D7%99%D7%9D+%D7%90%D7%AA+%D7%94%D7%91%D7%A6%D7%9C+%D7%95%D7%9E%D7%A2%D7%A8%D7%91%D7%91%D7%99%D7%9D+%D7%9B%D7%9C+%D7%97%D7%A6%D7%99+%D7%93%D7%A7%D7%94+%D7%A2%D7%93+%D7%9C%D7%94%D7%A9%D7%97%D7%9E%D7%94.+%D7%9E%D7%95%D7%A1%D7%99%D7%A4%D7%99%D7%9D+%D7%90%D7%AA+%D7%94%D7%92%D7%96%D7%A8+%D7%95%D7%94%D7%91%D7%98%D7%98%D7%94+%D7%95%D7%9E%D7%A2%D7%A8%D7%91%D7%91%D7%99%D7%9D.+%D7%91%D7%99%D7%A0%D7%AA%D7%99%D7%99%D7%9D+%D7%9B%D7%A9%D7%94%D7%91%D7%A6%D7%9C%2C+%D7%94%D7%92%D7%96%D7%A8+%D7%95%D7%94%D7%91%D7%98%D7%98%D7%94+%D7%9E%D7%AA%D7%91%D7%A9%D7%9C%D7%99%D7%9D+%D7%91%D7%A1%D7%99%D7%A8%2C+%D7%A9%D7%95%D7%98%D7%A4%D7%99%D7%9D+%D7%9B%D7%95%D7%A1+%D7%A9%D7%9C+%D7%A2%D7%93%D7%A9%D7%99%D7%9D+%D7%9B%D7%AA%D7%95%D7%9E%D7%95%D7%AA+%D7%91%D7%9E%D7%99%D7%9D+%D7%A4%D7%95%D7%A9%D7%A8%D7%99%D7%9D+%D7%9B%D7%A9%D7%AA%D7%99+%D7%93%D7%A7%D7%95%D7%AA.+%D7%9E%D7%A1%D7%A0%D7%A0%D7%99%D7%9D+%D7%90%D7%AA+%D7%94%D7%A2%D7%93%D7%A9%D7%99%D7%9D+%D7%95%D7%9E%D7%95%D7%A1%D7%99%D7%A4%D7%99%D7%9D+%D7%9C%D7%AA%D7%A2%D7%A8%D7%95%D7%91%D7%AA+%D7%A9%D7%91%D7%A1%D7%99%D7%A8+%D7%95%D7%9E%D7%A2%D7%A8%D7%91%D7%91%D7%99%D7%9D.+%D7%9E%D7%95%D7%A1%D7%99%D7%A4%D7%99%D7%9D+%D7%9E%D7%99%D7%9D+%D7%A8%D7%95%D7%AA%D7%97%D7%99%D7%9D+%D7%9B%D7%9A+%D7%A9%D7%99%D7%9B%D7%A1%D7%95+%D7%90%D7%AA+%D7%9B%D7%9C+%D7%94%D7%A8%D7%9B%D7%99%D7%91%D7%99%D7%9D+%D7%91%D7%A1%D7%99%D7%A8%2C+%D7%9E%D7%91%D7%99%D7%90%D7%99%D7%9D+%D7%9C%D7%A8%D7%AA%D7%99%D7%97%D7%94.+%D7%9C%D7%90%D7%97%D7%A8+%D7%A9%D7%94%D7%9E%D7%A8%D7%A7+%D7%A8%D7%AA%D7%97%D7%9E%D7%95%D7%A1%D7%99%D7%A4%D7%99%D7%9D+%D7%90%D7%AA+%D7%94%D7%9B%D7%95%D7%A8%D7%9B%D7%95%D7%9D%2C+%D7%94%D7%9B%D7%9E%D7%95%D7%9F%2C+%D7%94%D7%9E%D7%9C%D7%97%2C+%D7%94%D7%A4%D7%9C%D7%A4%D7%9C%2C+%D7%94%D7%9E%D7%9C%D7%97+%D7%95%D7%94%D7%A9%D7%95%D7%9D.+%D7%9E%D7%A2%D7%A8%D7%91%D7%91%D7%99%D7%9D+%D7%94%D7%99%D7%98%D7%91%2C+%D7%9E%D7%A0%D7%9E%D7%99%D7%9B%D7%99%D7%9D+%D7%90%D7%AA+%D7%94%D7%90%D7%A9+%D7%95%D7%9E%D7%9B%D7%A1%D7%99%D7%9D+%D7%91%D7%A1%D7%99%D7%A8.%3C%2Fspan%3E%3C%2Fp%3E%3Cp+dir%3D%22RTL%22+style%3D%22text-align%3A+right%3Bdirection%3A+rtl%3B%22%3E%3Cspan%3E%D7%9B%D7%9C+10+%D7%93%D7%A7%D7%95%D7%AA+%D7%9E%D7%A2%D7%A8%D7%91%D7%91%D7%99%D7%9D+%D7%90%D7%AA+%D7%94%D7%AA%D7%A2%D7%A8%D7%95%D7%91%D7%AA+%D7%91%D7%A1%D7%99%D7%A8%2C+%D7%95%D7%9E%D7%95%D7%A1%D7%99%D7%A4%D7%99%D7%9D+%D7%A8%D7%91%D7%A2+%D7%9B%D7%95%D7%A1+%D7%9E%D7%99%D7%9D.%3C%2Fspan%3E%3C%2Fp%3E%3Cp+dir%3D%22RTL%22+style%3D%22text-align%3A+right%3Bdirection%3A+rtl%3B%22%3E%3Cspan%3E%D7%9C%D7%90%D7%97%D7%A8+%D7%97%D7%A6%D7%99+%D7%A9%D7%A2%D7%94+%D7%A9%D7%9C+%D7%91%D7%99%D7%A9%D7%95%D7%9C+%D7%9E%D7%95%D7%A8%D7%99%D7%93%D7%99%D7%9D+%D7%90%D7%AA+%D7%94%D7%A1%D7%99%D7%A8+%D7%9E%D7%94%D7%90%D7%A9+%D7%95%D7%91%D7%A2%D7%96%D7%A8%D7%AA+%D7%91%D7%9C%D7%A0%D7%93+%D7%9E%D7%95%D7%98+%D7%98%D7%95%D7%97%D7%A0%D7%99%D7%9D+%D7%90%D7%AA+%D7%94%D7%9E%D7%A8%D7%A7+%D7%A2%D7%93+%D7%9C%D7%9E%D7%A8%D7%A7%D7%9D+%D7%90%D7%97%D7%99%D7%93+%D7%95%D7%9E%D7%92%D7%99%D7%A9%D7%99%D7%9D.%3C%2Fspan%3E%3C%2Fp%3E', 10060, 'עשיר בויטמין A', '30 דקות'),
(10047, 'גרטן כרובית וברוקולי', '2016-02-05', 'לובי', 10007, '%D7%92%D7%A8%D7%98%D7%9F+%D7%94%D7%99%D7%90+%D7%9E%D7%A0%D7%94+%D7%97%D7%92%D7%99%D7%92%D7%99%D7%AA+%D7%95%D7%9E%D7%95%D7%A4%D7%9C%D7%90%D7%94%2C+%D7%95%D7%94%D7%A4%D7%A2%D7%9D+%D7%A2%D7%9D+%D7%98%D7%95%D7%95%D7%99%D7%A1%D7%98.+%D7%91%D7%A8%D7%95%D7%A7%D7%95%D7%9C%D7%99+%D7%95%D7%9B%D7%A8%D7%95%D7%91%D7%99%D7%AA+%D7%91%D7%9E%D7%A7%D7%95%D7%9D+%D7%AA%D7%A4%D7%95%D7%97%D7%99+%D7%90%D7%93%D7%9E%D7%94+%D7%95%D7%A8%D7%95%D7%98%D7%91+%D7%92%D7%91%D7%99%D7%A0%D7%95%D7%AA+%D7%A8%D7%96%D7%95%D7%AA+%D7%98%D7%A2%D7%99%D7%9D+%D7%95%D7%A7%D7%A8%D7%9E%D7%99.', '', '', '', 10061, '', '0'),
(10044, 'מתכון חזה עוף ברוטב ערמונים', '2015-11-03', 'לובי', 10007, '%D7%94%D7%97%D7%95%D7%A8%D7%A3+%D7%94%D7%92%D7%99%D7%A2+%D7%95%D7%90%D7%99%D7%AA%D7%95+%D7%92%D7%9D+%D7%94%D7%A2%D7%A8%D7%9E%D7%95%D7%A0%D7%99%D7%9D+%D7%94%D7%A0%D7%A4%D7%9C%D7%90%D7%99%D7%9D+%D7%A9%D7%94%D7%95%D7%A4%D7%9B%D7%99%D7%9D+%D7%9B%D7%9C+%D7%9E%D7%A0%D7%94+%D7%9C%D7%9E%D7%99%D7%95%D7%97%D7%93%D7%AA+%D7%95%D7%97%D7%9E%D7%99%D7%9E%D7%94+%D7%95%D7%9E%D7%A9%D7%A4%D7%A8%D7%AA+%D7%AA%D7%96%D7%95%D7%A0%D7%94+%D7%A0%D7%9B%D7%95%D7%A0%D7%94.', '%3Cp%3E%3Cspan+lang%3D%22HE%22+style%3D%22text-align%3A+right%3B%22%3E%D7%9E%D7%94+%D7%94%D7%A7%D7%A9%D7%A8+%D7%91%D7%99%D7%9F+%D7%95%D7%99%D7%A6%D7%9E%D7%9F+%D7%9C%D7%A2%D7%95%D7%A3+%D7%91%D7%A8%D7%95%D7%98%D7%91+%D7%A2%D7%A8%D7%9E%D7%95%D7%A0%D7%99%D7%9D%3C%2Fspan%3E%3Cspan+dir%3D%22LTR%22+style%3D%22text-align%3A+right%3B%22%3E%3C%2Fspan%3E%3Cspan+dir%3D%22LTR%22+style%3D%22text-align%3A+right%3B%22%3E%3C%2Fspan%3E%3Cspan+dir%3D%22LTR%22+style%3D%22text-align%3A+right%3B%22%3E%3Cspan+dir%3D%22LTR%22%3E%3C%2Fspan%3E%3Cspan+dir%3D%22LTR%22%3E%3C%2Fspan%3E%3F%3C%2Fspan%3E%3Cbr%2F%3E%3C%2Fp%3E%3Cp+dir%3D%22RTL%22+style%3D%22text-align%3A+right%3Bdirection%3A+rtl%3B%22%3E%3Cspan+lang%3D%22HE%22+style%3D%22color%3A+%23555555%3B%22%3E%D7%91%D7%9E%D7%9C%D7%97%D7%9E%D7%AA+%D7%94%D7%A2%D7%95%D7%9C%D7%9D+%D7%94%D7%A8%D7%90%D7%A9%D7%95%D7%A0%D7%94+%D7%A8%D7%95%D7%91+%D7%9E%D7%97%D7%A6%D7%91%D7%99+%D7%94%D7%A1%D7%99%D7%93%D7%9F+%D7%94%D7%90%D7%A6%D7%98%D7%98%D7%99+%D7%94%D7%99%D7%95+%D7%91%D7%99%D7%93%D7%99+%D7%94%D7%92%D7%A8%D7%9E%D7%A0%D7%99%2C+%D7%9E%D7%94+%D7%A9%D7%99%D7%99%D7%A6%D7%A8+%D7%9E%D7%97%D7%A1%D7%95%D7%A8+%D7%91%D7%90%D7%A6%D7%98%D7%95%D7%9F%D7%91%D7%A7%D7%A8%D7%91+%D7%94%D7%91%D7%A8%D7%99%D7%98%D7%99%D7%9D.+%D7%90%D7%A6%D7%98%D7%95%D7%9F+%D7%94%D7%99%D7%94+%D7%97%D7%99%D7%95%D7%A0%D7%99+%D7%9C%D7%99%D7%A6%D7%99%D7%A8%D7%AA+%D7%97%D7%95%D7%9E%D7%A8+%D7%A0%D7%A4%D7%A5+%D7%95%D7%9C%D7%9B%D7%9F+%D7%94%D7%93%D7%91%D7%A8+%D7%94%D7%A6%D7%99%D7%91+%D7%90%D7%AA+%D7%94%D7%91%D7%A8%D7%99%D7%98%D7%99%D7%9D+%D7%91%D7%A4%D7%A0%D7%99+%D7%91%D7%A2%D7%99%D7%94+%D7%97%D7%9E%D7%95%D7%A8%D7%94.+%D7%A2%D7%93+%D7%A9%D7%97%D7%99%D7%99%D7%9D+%D7%95%D7%99%D7%A6%D7%9E%D7%9F+%D7%9E%D7%A6%D7%90+%D7%A9%D7%99%D7%98%D7%94+%D7%90%D7%9C%D7%98%D7%A8%D7%A0%D7%98%D7%99%D7%91%D7%99%D7%AA+%D7%9C%D7%99%D7%99%D7%A6%D7%A8+%D7%90%D7%A6%D7%98%D7%95%D7%9F+%D7%9E%D7%97%D7%95%D7%9E%D7%A8%D7%99+%D7%92%D7%9C%D7%9D+%D7%A6%D7%9E%D7%97%D7%99%D7%99%D7%9D+%D7%A2%26%2334%3B%D7%99+%D7%91%D7%99%D7%93%D7%95%D7%93+%D7%97%D7%99%D7%99%D7%93%D7%A7+%D7%A2%D7%9D+%D7%A9%D7%9D+%D7%90%D7%A8%D7%95%D7%9A%2C+%D7%90%D7%97%D7%93+%D7%9E%D7%97%D7%95%D7%9E%D7%A8%D7%99+%D7%94%D7%92%D7%9C%D7%9D+%D7%94%D7%99%D7%95+%D7%A4%D7%A8%D7%99+%D7%A2%D7%A5+%D7%94%D7%A2%D7%A8%D7%9E%D7%95%D7%A0%D7%99%D7%9D.+%C2%A0%D7%9B%D7%9A+%D7%A9%3Cspan+style%3D%22float%3A+none%3B%22%3E%D7%99%D7%9C%D7%93%D7%99%D7%9D+%D7%9E%D7%9B%D7%9C+%D7%A8%D7%97%D7%91%D7%99+%D7%91%D7%A8%D7%99%D7%98%D7%A0%D7%99%D7%94+%D7%99%D7%A6%D7%90%D7%95+%D7%9C%D7%99%D7%A2%D7%A8%D7%95%D7%AA+%D7%95%D7%90%D7%A1%D7%A4%D7%95+%D7%90%D7%AA+%D7%A4%D7%A8%D7%99+%D7%94%D7%A2%D7%A8%D7%9E%D7%95%D7%9F+%D7%A2%D7%9C+%D7%9E%D7%A0%D7%AA+%D7%9C%D7%A2%D7%96%D7%95%D7%A8+%D7%91%D7%9E%D7%90%D7%9E%D7%A5+%D7%94%D7%9E%D7%9C%D7%97%D7%9E%D7%AA%D7%99.%C2%A0%3C%2Fspan%3E%3C%2Fspan%3E%3Cspan+lang%3D%22HE%22+style%3D%22color%3A+%23555555%3B%22%3E%D7%94%D7%A8%D7%A2%D7%99%D7%95%D7%9F+%D7%94%D7%9E%D7%94%D7%A4%D7%9B%D7%A0%D7%99+%D7%95%D7%94%D7%92%D7%90%D7%95%D7%A0%D7%99+%D7%9E%D7%91%D7%97%D7%99%D7%A0%D7%94+%D7%9E%D7%93%D7%A2%D7%99%D7%AA%2C+%D7%94%D7%A6%D7%99%D7%9C+%D7%90%D7%AA+%D7%91%D7%A8%D7%99%D7%98%D7%A0%D7%99%D7%94+%D7%9E%D7%97%D7%99%D7%9E%D7%95%D7%A9+%D7%92%D7%95%D7%A8%D7%9C%D7%99+%D7%95%D7%94%D7%95%D7%91%D7%99%D7%9C+%D7%9C%D7%94%D7%95%D7%A7%D7%A8%D7%94+%D7%94%D7%99%D7%A1%D7%98%D7%95%D7%A8%D7%99%D7%AA+%D7%91%D7%97%D7%99%D7%99%D7%9D+%D7%95%D7%99%D7%A6%D7%9E%D7%9F+%D7%95%D7%9C%D7%91%D7%A1%D7%95%D7%A3+%D7%92%D7%9D+%D7%9C%D7%94%D7%9B%D7%A8%D7%94+%D7%91%D7%A6%D7%94%D7%A8%D7%AA+%D7%91%D7%9C%D7%A4%D7%95%D7%A8%3C%2Fspan%3E%3Cspan+dir%3D%22LTR%22%3E%3C%2Fspan%3E%3Cspan+dir%3D%22LTR%22%3E%3C%2Fspan%3E%3Cspan+dir%3D%22LTR%22+style%3D%22color%3A+%23555555%3B%22%3E%3Cspan+dir%3D%22LTR%22%3E%3C%2Fspan%3E%3Cspan+dir%3D%22LTR%22%3E%3C%2Fspan%3E.%3C%2Fspan%3E%3C%2Fp%3E%3Cp+dir%3D%22RTL%22+style%3D%22text-align%3A+right%3Bdirection%3A+rtl%3B%22%3E%3Cspan+lang%3D%22HE%22+style%3D%22color%3A+%23555555%3B%22%3E%D7%90%D7%91%D7%9C%D7%91%D7%A0%D7%95%D7%A1%D7%A3+%D7%9C%D7%94%D7%99%D7%A1%D7%98%D7%95%D7%A8%D7%99%D7%94+%D7%94%D7%9E%D7%A8%D7%AA%D7%A7%D7%AA+%D7%A9%D7%9C+%D7%94%D7%A2%D7%A8%D7%9E%D7%95%D7%A0%D7%99%D7%9D%2C+%D7%94%D7%9D+%D7%92%D7%9D+%D7%97%D7%95%D7%9E%D7%A8+%D7%92%D7%9C%D7%9D+%D7%A0%D7%A4%D7%9C%D7%90+%D7%9C%D7%9B%D7%9C+%D7%9E%D7%A0%D7%94+%D7%97%D7%95%D7%A8%D7%A4%D7%99%D7%AA+%D7%95%D7%A8%D7%99%D7%97%D7%A0%D7%99%D7%AA.+%D7%94%D7%A2%D7%A8%D7%9E%D7%95%D7%A0%D7%99%D7%9D+%D7%94%D7%9D+%D7%A4%D7%97%D7%9E%D7%99%D7%9E%D7%94+%D7%93%D7%9C%D7%94+%D7%91%D7%A7%D7%9C%D7%95%D7%A8%D7%99%D7%95%D7%AA+%28%D7%99%D7%97%D7%A1%D7%99%D7%AA+%D7%9C%D7%A4%D7%97%D7%9E%D7%99%D7%9E%D7%95%D7%AA+%D7%90%D7%97%D7%A8%D7%95%D7%AA%29%2C+%D7%93%D7%9C%D7%94+%D7%91%D7%A9%D7%95%D7%9E%D7%9F+%D7%95%D7%9E%D7%9B%D7%99%D7%9C%D7%94+%D7%95%D7%99%D7%98%D7%9E%D7%99%D7%9F+%D7%A1%D7%99+%28%D7%A9%D7%A0%D7%9E%D7%A6%D7%90+%D7%9B%D7%99+%D7%A6%D7%A8%D7%99%D7%9B%D7%AA+%D7%95%D7%99%D7%98%D7%9E%D7%99%D7%9F+%D7%A1%D7%99+%D7%91%D7%9B%D7%9E%D7%95%D7%AA+%D7%A9%D7%9C+600+%D7%9E%26%2334%3B%D7%92+%D7%9C%D7%99%D7%95%D7%9D+%D7%91%D7%99%D7%9E%D7%99%D7%9D+%D7%94%D7%A8%D7%90%D7%A9%D7%95%D7%A0%D7%99%D7%9D+%D7%9C%D7%94%D7%95%D7%A4%D7%A2%D7%AA+%D7%AA%D7%A1%D7%9E%D7%99%D7%A0%D7%99+%D7%A6%D7%99%D7%A0%D7%95%D7%9F%2C+%D7%A2%D7%A9%D7%95%D7%99%D7%94+%D7%9C%D7%A7%D7%A6%D7%A8+%D7%90%D7%AA+%D7%96%D7%9E%D7%9F+%D7%94%D7%94%D7%97%D7%9C%D7%9E%D7%94+%D7%9E%D7%94%D7%A6%D7%99%D7%A0%D7%95%D7%9F+%D7%95%D7%9E%D7%A7%D7%9C%D7%94+%D7%A2%D7%9C+%D7%94%D7%A1%D7%99%D7%9E%D7%A4%D7%98%D7%95%D7%9E%D7%99%D7%9D%29%3C%2Fspan%3E%3Cspan+dir%3D%22LTR%22%3E%3C%2Fspan%3E%3Cspan+dir%3D%22LTR%22%3E%3C%2Fspan%3E%3Cspan+dir%3D%22LTR%22+style%3D%22color%3A+%23555555%3B%22%3E%3Cspan+dir%3D%22LTR%22%3E%3C%2Fspan%3E%3Cspan+dir%3D%22LTR%22%3E%3C%2Fspan%3E.%3C%2Fspan%3E%3Cspan+lang%3D%22HE%22+style%3D%22color%3A+%23555555%3B%22%3E%3C%2Fspan%3E%3C%2Fp%3E%3Cp+dir%3D%22RTL%22+style%3D%22text-align%3A+right%3Bdirection%3A+rtl%3B%22%3E%3Cspan+lang%3D%22HE%22+style%3D%22color%3A+%23555555%3B%22%3E%D7%9B%D7%9C+%D7%96%D7%94+%D7%99%D7%97%D7%93+%D7%A2%D7%9D+%D7%94%D7%A8%D7%99%D7%97+%D7%94%D7%A0%D7%A4%D7%9C%D7%90+%D7%A9%D7%9C%D7%A2%D7%A8%D7%9E%D7%95%D7%A0%D7%99%D7%9D+%D7%A7%D7%9C%D7%95%D7%99%D7%99%D7%9D+%D7%91%D7%AA%D7%A0%D7%95%D7%A8+%D7%94%D7%95%D7%A4%D7%9A+%D7%90%D7%95%D7%AA%D7%9D+%D7%9C%D7%97%D7%98%D7%99%D7%A3+%D7%94%D7%97%D7%95%D7%A8%D7%A3+%D7%94%D7%90%D7%95%D7%9C%D7%98%D7%99%D7%9E%D7%98%D7%99%D7%91%D7%99%21%3C%2Fspan%3E%3C%2Fp%3E%3Cp+dir%3D%22RTL%22+style%3D%22text-align%3A+right%3Bdirection%3A+rtl%3B%22%3E%3Cspan+lang%3D%22HE%22+style%3D%22color%3A+%23555555%3B%22%3E%D7%9C%D7%A2%D7%A6%D7%9C%D7%A0%D7%99%D7%9D+%D7%91%D7%99%D7%A0%D7%99%D7%A0%D7%95%2C+%D7%90%D7%A4%D7%A9%D7%A8+%D7%92%D7%9D+%D7%9C%D7%95%D7%95%D7%AA%D7%A8+%D7%A2%D7%9C+%D7%94%D7%A8%D7%99%D7%97+%D7%94%D7%A0%D7%A4%D7%9C%D7%90+%D7%9E%D7%94%D7%AA%D7%A0%D7%95%D7%A8+%D7%95%D7%9C%D7%A7%D7%A0%D7%95%D7%AA+%D7%A2%D7%A8%D7%9E%D7%95%D7%A0%D7%99%D7%9D+%D7%A7%D7%9C%D7%95%D7%99%D7%99%D7%9D+%D7%95%D7%A7%D7%9C%D7%95%D7%A4%D7%99%D7%9D+%28+%D7%91%D7%93%D7%A8%26%2334%3B%D7%9B+%D7%90%D7%A8%D7%99%D7%96%D7%95%D7%AA+%D7%A9%D7%9C+100%D7%92%D7%A8%27+%D7%A0%D7%9E%D7%9B%D7%A8%D7%95%D7%AA+%D7%91%D7%9E%D7%97%D7%99%D7%A8+%D7%A9%D7%9C+2+%D7%91-10+%D7%A9%D7%A7%D7%9C%D7%99%D7%9D%29+%D7%95%D7%9C%D7%94%D7%A9%D7%AA%D7%9E%D7%A9+%D7%91%D7%94%D7%9D+%D7%9C%D7%AA%D7%91%D7%A9%D7%99%D7%9C%D7%99%D7%9D+%D7%A0%D7%94%D7%93%D7%A8%D7%99%D7%9D%2C+%D7%90%D7%95+%D7%9B%D7%A0%D7%A9%D7%A0%D7%95%D7%A9+%D7%A7%D7%9C+%D7%9C%D7%99%D7%93+%D7%94%D7%99%D7%99%D7%9F.%3C%2Fspan%3E%3C%2Fp%3E%3Cp+dir%3D%22RTL%22+style%3D%22text-align%3A+right%3Bdirection%3A+rtl%3B%22%3E%3Cspan+lang%3D%22HE%22+style%3D%22color%3A+%23555555%3B%22%3E%D7%99%D7%97%D7%93+%D7%A2%D7%9D+%D7%94%D7%9E%D7%A0%D7%94+%D7%94%D7%A4%D7%A9%D7%95%D7%98%D7%94+%D7%95%D7%94%D7%A7%D7%9C%D7%99%D7%9C%D7%94+%D7%A0%D7%99%D7%AA%D7%9F+%D7%9C%D7%94%D7%9B%D7%99%D7%9F+%D7%90%D7%95%D7%A8%D7%96%2C+%D7%A7%D7%99%D7%A0%D7%95%D7%90%D7%94+%D7%90%D7%95+%D7%9B%D7%9C+%D7%AA%D7%95%D7%A1%D7%A4%D7%AA+%D7%90%D7%94%D7%95%D7%91%D7%94+%D7%90%D7%97%D7%A8%D7%AA.%3C%2Fspan%3E%3C%2Fp%3E%3Cp%3E%3C%2Fp%3E', '%3Cp%3E%3Cspan+style%3D%22text-align%3A+right%3B%22%3E100+%D7%92%D7%A8%27+%D7%A2%D7%A8%D7%9E%D7%95%D7%A0%D7%99%D7%9D+%D7%A7%D7%9C%D7%95%D7%99%D7%99%D7%9D+%D7%95%D7%A7%D7%9C%D7%95%D7%A4%D7%99%D7%9D+%28%D7%90%D7%A8%D7%99%D7%96%D7%94+%D7%90%D7%97%D7%AA+%D7%A1%D7%98%D7%A0%D7%93%D7%A8%D7%98%D7%99%D7%AA%29%3C%2Fspan%3E%3Cbr%2F%3E%3C%2Fp%3E%3Cp+dir%3D%22RTL%22+style%3D%22text-align%3A+right%3Bdirection%3A+rtl%3B%22%3E%3Cspan+lang%3D%22HE%22+style%3D%22color%3A+%23555555%3B%22%3E4+%D7%97%D7%AA%D7%99%D7%9B%D7%95%D7%AA+%D7%97%D7%96%D7%94+%D7%A2%D7%95%D7%A3+%D7%91%D7%99%D7%A0%D7%95%D7%A0%D7%99%D7%AA+%28400-500%D7%92%D7%A8%27%29%3C%2Fspan%3E%3C%2Fp%3E%3Cp+dir%3D%22RTL%22+style%3D%22text-align%3A+right%3Bdirection%3A+rtl%3B%22%3E%3Cspan+lang%3D%22HE%22+style%3D%22color%3A+%23555555%3B%22%3E1+%D7%91%D7%A6%D7%9C+%D7%92%D7%93%D7%95%D7%9C+%D7%97%D7%AA%D7%95%D7%9A+%D7%93%D7%A7+%3C%2Fspan%3E%3C%2Fp%3E%3Cp+dir%3D%22RTL%22+style%3D%22text-align%3A+right%3Bdirection%3A+rtl%3B%22%3E%3Cspan+lang%3D%22HE%22+style%3D%22color%3A+%23555555%3B%22%3E5+%D7%9C%D7%97%D7%99%D7%A6%D7%95%D7%AA+%D7%A1%D7%A4%D7%A8%D7%99%D7%99+%D7%A9%D7%9E%D7%9F%3C%2Fspan%3E%3C%2Fp%3E%3Cp+dir%3D%22RTL%22+style%3D%22text-align%3A+right%3Bdirection%3A+rtl%3B%22%3E%3Cspan+lang%3D%22HE%22+style%3D%22color%3A+%23555555%3B%22%3E%D7%9E%D7%99%D7%9B%D7%9C+%D7%A9%D7%9E%D7%A0%D7%AA+%D7%A6%D7%9E%D7%97%D7%99%D7%AA%3C%2Fspan%3E%3C%2Fp%3E%3Cp+dir%3D%22RTL%22+style%3D%22text-align%3A+right%3Bdirection%3A+rtl%3B%22%3E%3Cspan+lang%3D%22HE%22+style%3D%22color%3A+%23555555%3B%22%3E%D7%A2%D7%9C%D7%94+%D7%93%D7%A4%D7%A0%D7%94%3C%2Fspan%3E%3C%2Fp%3E%3Cp+dir%3D%22RTL%22+style%3D%22text-align%3A+right%3Bdirection%3A+rtl%3B%22%3E%3Cspan+lang%3D%22HE%22+style%3D%22color%3A+%23555555%3B%22%3E%D7%9E%D7%9C%D7%97+%D7%9C%D7%A4%D7%99+%D7%98%D7%A2%D7%9D%3C%2Fspan%3E%3C%2Fp%3E%3Cp+dir%3D%22RTL%22+style%3D%22text-align%3A+right%3Bdirection%3A+rtl%3B%22%3E%3Cspan+lang%3D%22HE%22+style%3D%22color%3A+%23555555%3B%22%3E%D7%AA%D7%A2%D7%A8%D7%95%D7%91%D7%AA+%D7%A4%D7%98%D7%A8%D7%99%D7%95%D7%AA+%D7%9E%D7%99%D7%95%D7%91%D7%A9%D7%95%D7%AA+%28%D7%90%D7%9D+%D7%90%D7%99%D7%9F+%D7%90%D7%96+%D7%90%D7%A4%D7%A9%D7%A8+%D7%92%D7%9D+%D7%9C%D7%95%D7%95%D7%AA%D7%A8%29%3C%2Fspan%3E%3C%2Fp%3E%3Cp%3E%3C%2Fp%3E', '%3Cp+dir%3D%22RTL%22+style%3D%22text-align%3A+right%3Bdirection%3A+rtl%3B%22%3E%3Cspan+style%3D%22color%3A+%23555555%3B%22%3E%D7%9E%D7%A7%D7%9C%D7%A4%D7%99%D7%9D+%D7%91%D7%A6%D7%9C+%D7%92%D7%93%D7%95%D7%9C+%D7%95%D7%A7%D7%95%D7%A6%D7%A6%D7%99%D7%9D+%D7%93%D7%A7+%28+%D7%90%D7%A4%D7%A9%D7%A8+%D7%92%D7%9D+%D7%91%D7%A1%D7%9C%D7%99%D7%99%D7%A1%D7%A8+%D7%93%D7%99%D7%99%D7%A1%D7%A8+%E2%80%93+%D7%96%D7%94+%D7%9C%D7%95%D7%A7%D7%97+%D7%91%D7%93%D7%99%D7%95%D7%A7+7+%D7%A9%D7%A0%D7%99%D7%95%D7%AA%29.+%D7%9E%D7%97%D7%9E%D7%9E%D7%99%D7%9D+%D7%9E%D7%97%D7%91%D7%AA+%D7%A2%D7%9C+%D7%90%D7%A9+%D7%91%D7%99%D7%A0%D7%95%D7%A0%D7%99%D7%AA+%D7%95%D7%9E%D7%A8%D7%A1%D7%A1%D7%99%D7%9D+5+%D7%9C%D7%97%D7%99%D7%A6%D7%95%D7%AA+%D7%A9%D7%9C+%D7%A1%D7%A4%D7%A8%D7%99%D7%99+%D7%A9%D7%9E%D7%9F.+%D7%9E%D7%95%D7%A1%D7%A4%D7%99%D7%9D+%D7%A7%D7%95%D7%A8%D7%98+%D7%9E%D7%9C%D7%99+%D7%95%D7%9E%D7%98%D7%92%D7%A0%D7%99%D7%9D+%D7%90%D7%AA+%D7%94%D7%91%D7%A6%D7%9C+%D7%A2%D7%93+%D7%9C%D7%94%D7%96%D7%94%D7%91%D7%94.+%D7%9E%D7%95%D7%A1%D7%99%D7%A4%D7%99%D7%9D+%D7%90%D7%AA+%D7%94%D7%97%D7%96%D7%94+%D7%A2%D7%95%D7%A3+%D7%95%D7%9E%D7%A9%D7%97%D7%9E%D7%99%D7%9D+%D7%9E%D7%9B%D7%9C+%D7%A6%D7%93+%D7%9B%D7%93%D7%A7%D7%94.+%D7%9E%D7%95%D7%A6%D7%99%D7%90%D7%99%D7%9D+%D7%90%D7%AA+%D7%94%D7%97%D7%96%D7%94+%D7%A2%D7%95%D7%A3+%D7%95%D7%9E%D7%A0%D7%99%D7%97%D7%99%D7%9D+%D7%91%D7%A6%D7%9C%D7%97%D7%AA+%D7%91%D7%A6%D7%93.+%D7%A7%D7%95%D7%A6%D7%A6%D7%99%D7%9D+%D7%90%D7%AA+%D7%94%D7%A2%D7%A8%D7%9E%D7%95%D7%A0%D7%99%D7%9D+%D7%9C%D7%A7%D7%95%D7%91%D7%99%D7%95%D7%AA+%D7%95%D7%9E%D7%95%D7%A1%D7%99%D7%A4%D7%99%D7%9D+%D7%9C%D7%9E%D7%97%D7%91%D7%AA+%D7%A2%D7%9D+%D7%94%D7%91%D7%A6%D7%9C+%D7%95%D7%94%D7%A9%D7%9E%D7%9F.+%D7%9E%D7%98%D7%92%D7%A0%D7%99%D7%9D+%D7%9B-2%D7%93+%D7%A7%D7%95%D7%AA.+%D7%9E%D7%95%D7%A1%D7%99%D7%A4%D7%99%D7%9D+%D7%A9%D7%9E%D7%A0%D7%AA+%D7%A6%D7%9E%D7%97%D7%99%D7%AA%2C+%D7%A2%D7%9C%D7%94+%D7%93%D7%A4%D7%A0%D7%94%2C+%D7%A4%D7%9C%D7%A4%D7%9C+%D7%95%D7%AA%D7%A2%D7%A8%D7%95%D7%91%D7%AA+%D7%A4%D7%98%D7%A8%D7%99%D7%95%D7%AA+%D7%9E%D7%99%D7%95%D7%91%D7%A9%D7%95%D7%AA+%D7%95%D7%9E%D7%91%D7%99%D7%90%D7%99%D7%9D+%D7%9C%D7%A8%D7%AA%D7%99%D7%97%D7%94.+%D7%9E%D7%95%D7%A1%D7%99%D7%A4%D7%99%D7%9D+%D7%90%D7%AA+%D7%94%D7%97%D7%96%D7%94+%D7%A2%D7%95%D7%A3+%D7%9C%D7%A8%D7%95%D7%98%D7%91+%D7%95%D7%9E%D7%91%D7%A9%D7%9C%D7%99%D7%9D+%D7%A2%D7%95%D7%93+%D7%9B-5+%D7%93%D7%A7%D7%95%D7%AA+%D7%9C%D7%9B%D7%9C+%D7%A6%D7%93.%3C%2Fspan%3E%3C%2Fp%3E%3Cp+dir%3D%22RTL%22+style%3D%22text-align%3A+right%3Bdirection%3A+rtl%3B%22%3E%3Cspan+style%3D%22color%3A+%23555555%3B%22%3E%D7%9E%D7%9B%D7%99%D7%A0%D7%99%D7%9D+%D7%91%D7%A6%D7%93+%D7%90%D7%95%D7%A8%D7%96%2C+%D7%9B%D7%95%D7%A1%D7%9E%D7%AA%2C+%D7%A7%D7%99%D7%A0%D7%95%D7%90%D7%94+%D7%90%D7%95+%D7%9B%D7%9C+%D7%AA%D7%95%D7%A1%D7%A4%D7%AA+%D7%90%D7%94%D7%95%D7%91%D7%94+%D7%90%D7%97%D7%A8%D7%AA+%D7%95%D7%9E%D7%92%D7%99%D7%A9%D7%99%D7%9D%21%3C%2Fspan%3E%3Cspan+dir%3D%22LTR%22+style%3D%22color%3A+%23555555%3B%22%3E%3C%2Fspan%3E%3C%2Fp%3E', 10058, '', '0'),
(10048, 'מושט במחבת ברוטב עגבניות שרי', '2016-02-06', 'לובי', 10007, '%D7%9E%D7%A0%D7%94+%D7%98%D7%A2%D7%99%D7%9E%D7%94+%D7%9E-5+%D7%9E%D7%A8%D7%9B%D7%99%D7%91%D7%99%D7%9D+%D7%91%D7%9C%D7%91%D7%93%21+%D7%A9%D7%99%D7%9C%D7%95%D7%91+%D7%9E%D7%95%D7%A4%D7%9C%D7%90+%D7%A9%D7%9C+%D7%98%D7%A2%D7%9E%D7%99%D7%9D+%D7%91%D7%9E%D7%A0%D7%94+%D7%9E%D7%9C%D7%90%D7%94+%D7%91%D7%97%D7%9C%D7%91%D7%95%D7%9F.', '', '', '', 10062, 'עשיר בחלבון', '30 דקות');

-- --------------------------------------------------------

--
-- Table structure for table `users`
--

CREATE TABLE IF NOT EXISTS `users` (
  `id` int(11) NOT NULL AUTO_INCREMENT,
  `name` varchar(32) COLLATE utf8_unicode_ci NOT NULL,
  `email` varchar(32) COLLATE utf8_unicode_ci NOT NULL,
  `password` varchar(32) COLLATE utf8_unicode_ci NOT NULL,
  `permissions` int(11) NOT NULL,
  PRIMARY KEY (`id`)
) ENGINE=MyISAM  DEFAULT CHARSET=utf8 COLLATE=utf8_unicode_ci AUTO_INCREMENT=10011 ;

--
-- Dumping data for table `users`
--

INSERT INTO `users` (`id`, `name`, `email`, `password`, `permissions`) VALUES
(10001, 'admin', 'natebru@gmail.com', '12345', 5),
(10006, 'ניית', 'nathanbru@live.com', '12345', 2),
(10007, 'לובי', 'luba.paust@gmail.com', '1234', 4),
(10010, 'דנה', 'danaelia89@gmail.com', '1310', 2),
(10009, 'User', 'user@gmail.com', '1234', 4);

/*!40101 SET CHARACTER_SET_CLIENT=@OLD_CHARACTER_SET_CLIENT */;
/*!40101 SET CHARACTER_SET_RESULTS=@OLD_CHARACTER_SET_RESULTS */;
/*!40101 SET COLLATION_CONNECTION=@OLD_COLLATION_CONNECTION */;
